precinct_county_nce,precinct_county_name,precinct_name,precinct_nr,uat_name,uat_siruta,report_version,report_stage_code,report_type_scope_code,report_type_category_code,report_type_code,created_at,a,a1,a2,a3,a4,b,b1,b2,b3,b4,c,d,e,f,"FLORESCU ŞTEFAN-VIOREL-PARTIDUL MIȘCAREA POPULARĂ-voturi","CIUCU CIPRIAN-PARTIDUL NAȚIONAL LIBERAL-voturi","IONESCU TUDOR-TIM-PARTIDUL ALIANŢA LIBERALILOR ŞI DEMOCRAŢILOR – ALDE-voturi","MUTU GABRIEL-PARTIDUL SOCIAL DEMOCRAT-voturi","BĂLĂŞOIU ANCA ELENA-ALIANȚA PRO BUCUREȘTI 2020-voturi","TULUGEA DANIL-PARTIDUL ROMÂNIA MARE-voturi","DINU RADU-LUCIAN-PARTIDUL FORȚA IDENTITĂȚII NAȚIONALE-voturi","TUDORAŞCU GEORGEL-PARTIDUL PUTERII UMANISTE (SOCIAL-LIBERAL)-voturi","POPESCU FLORINA-BOGDANA-MIȘCAREA PATRIOȚILOR ROMÂNI-voturi","IOFCIU BOGDAN-GABRIEL-PARTIDUL ADER LA DEMOCRAŢIE, EDUCAŢIE ŞI RECONSTRUCŢIE-voturi","GHEORGHE-IOVU ALEXANDRA-DIANA-CRISTINA-PARTIDUL RE:START ROMÂNIA-voturi","TUDOSE CĂLIN-PARTIDUL ECOLOGIST ROMÂN-voturi","LUPU VIORICA-ELISABETA-ALIANȚA PENTRU UNIREA ROMÂNILOR-voturi","IANCU VLAD-ALEXANDRU-PARTIDUL SOCIAL DEMOCRAT INDEPENDENT-voturi","AMIEROAIE CĂTĂLIN-LIVIU-PARTIDUL ALIANȚA CREȘTIN DEMOCRATĂ-voturi","DANEŞ MIHAI-voturi"
42,"MUNICIPIUL BUCUREŞTI","A.D.P.D.U. SECTOR 6",1064,"BUCUREŞTI SECTORUL 6",179196,1,PROV,PRCNCT,P,P_SV_SECTOR,"2020-09-28 13:10:01",1172,1145,20,7,0,479,471,1,7,0,456,15,1200,729,34,202,21,152,12,8,0,0,0,0,0,10,2,0,3,12
42,"MUNICIPIUL BUCUREŞTI","CENTRUL EUROPEAN SECTOR 6",1160,"BUCUREŞTI SECTORUL 6",179196,1,PART,PRCNCT,P,P_SV_SECTOR,"2020-09-28 13:10:01",1391,1375,0,16,0,555,539,0,16,0,546,9,1400,845,45,206,18,233,9,9,0,2,1,1,2,6,2,0,0,12
42,"MUNICIPIUL BUCUREŞTI","CLUBUL SENIORILOR MIHAI EMINESCU",1275,"BUCUREŞTI SECTORUL 6",179196,1,PART,PRCNCT,P,P_SV_SECTOR,"2020-09-28 13:10:01",929,886,30,12,1,383,370,0,12,1,374,9,1000,617,21,181,16,107,8,5,0,0,1,0,1,12,1,3,1,17
42,"MUNICIPIUL BUCUREŞTI","CLUBUL SPORTIV SCOLAR NR. 5",1230,"BUCUREŞTI SECTORUL 6",179196,1,PROV,PRCNCT,P,P_SV_SECTOR,"2020-09-28 13:10:01",1399,1311,38,26,24,654,604,0,26,24,643,6,1400,751,30,423,23,104,7,2,2,3,2,3,2,12,3,0,1,26
42,"MUNICIPIUL BUCUREŞTI","COLEGIUL NAŢIONAL ”ELENA CUZA”",1097,"BUCUREŞTI SECTORUL 6",179196,1,PROV,PRCNCT,P,P_SV_SECTOR,"2020-09-28 13:10:01",1206,1193,1,12,0,516,504,0,12,0,502,14,1200,684,49,224,24,164,9,2,2,2,2,1,0,2,1,0,0,20
42,"MUNICIPIUL BUCUREŞTI","COLEGIUL NAŢIONAL ”ELENA CUZA”",1098,"BUCUREŞTI SECTORUL 6",179196,1,PROV,PRCNCT,P,P_SV_SECTOR,"2020-09-28 13:10:01",1057,1045,4,8,0,496,488,0,8,0,479,17,1200,704,39,242,19,134,15,2,0,1,1,0,0,5,2,1,2,16
42,"MUNICIPIUL BUCUREŞTI","COLEGIUL NAŢIONAL ”ELENA CUZA”",1100,"BUCUREŞTI SECTORUL 6",179196,1,PROV,PRCNCT,P,P_SV_SECTOR,"2020-09-28 13:10:01",954,946,2,6,0,360,354,0,6,0,352,8,1000,640,34,172,13,98,8,1,0,0,1,0,1,9,2,1,1,11
42,"MUNICIPIUL BUCUREŞTI","COLEGIUL NAŢIONAL ”ELENA CUZA”",1099,"BUCUREŞTI SECTORUL 6",179196,1,PROV,PRCNCT,P,P_SV_SECTOR,"2020-09-28 13:10:01",1131,1126,1,4,0,462,458,0,4,0,458,4,1200,719,50,202,21,145,7,0,1,0,0,0,0,13,3,2,0,14
42,"MUNICIPIUL BUCUREŞTI","COLEGIUL NAŢIONAL ”GRIGORE MOISIL”",1070,"BUCUREŞTI SECTORUL 6",179196,1,PART,PRCNCT,P,P_SV_SECTOR,"2020-09-28 13:10:01",1897,1847,12,38,0,782,743,1,38,0,764,18,2000,1218,36,412,20,233,15,5,1,1,0,0,2,5,8,0,0,26
42,"MUNICIPIUL BUCUREŞTI","COLEGIUL NAŢIONAL ”GRIGORE MOISIL”",1072,"BUCUREŞTI SECTORUL 6",179196,1,PART,PRCNCT,P,P_SV_SECTOR,"2020-09-28 13:10:01",1098,1087,6,5,0,426,421,0,5,0,419,7,1200,774,22,187,9,162,9,3,0,1,1,0,2,7,4,0,1,11
42,"MUNICIPIUL BUCUREŞTI","COLEGIUL NAŢIONAL ”GRIGORE MOISIL”",1069,"BUCUREŞTI SECTORUL 6",179196,1,PART,PRCNCT,P,P_SV_SECTOR,"2020-09-28 13:10:01",1254,1238,5,10,1,495,484,0,10,1,486,9,1400,905,39,219,16,170,13,4,1,3,1,1,0,5,1,0,0,13
42,"MUNICIPIUL BUCUREŞTI","COLEGIUL NAŢIONAL ”GRIGORE MOISIL”",1071,"BUCUREŞTI SECTORUL 6",179196,1,PART,PRCNCT,P,P_SV_SECTOR,"2020-09-28 13:10:01",1221,1213,2,6,0,460,454,0,6,0,452,8,1400,940,27,189,13,186,7,2,1,1,2,2,0,2,0,0,0,20
42,"MUNICIPIUL BUCUREŞTI","COLEGIUL TEHNIC ”CAROL I”",1245,"BUCUREŞTI SECTORUL 6",179196,1,PROV,PRCNCT,P,P_SV_SECTOR,"2020-09-28 13:10:01",1350,1343,4,3,0,526,523,0,3,0,461,15,1400,578,0,216,19,167,15,3,1,3,2,2,0,7,5,1,5,15
42,"MUNICIPIUL BUCUREŞTI","COLEGIUL TEHNIC ”CAROL I”",1244,"BUCUREŞTI SECTORUL 6",179196,1,PART,PRCNCT,P,P_SV_SECTOR,"2020-09-28 13:10:01",1410,1396,4,10,0,582,572,0,10,0,580,2,1400,818,57,267,15,190,7,7,1,1,0,0,0,5,3,1,2,24
42,"MUNICIPIUL BUCUREŞTI","COLEGIUL TEHNIC ”CAROL I”",1243,"BUCUREŞTI SECTORUL 6",179196,1,PART,PRCNCT,P,P_SV_SECTOR,"2020-09-28 13:10:01",1186,1177,3,5,1,440,434,0,5,1,431,9,1199,759,36,151,14,169,10,2,1,0,1,2,2,9,9,0,3,22
42,"MUNICIPIUL BUCUREŞTI","COLEGIUL TEHNIC ”CAROL I”",1242,"BUCUREŞTI SECTORUL 6",179196,1,PROV,PRCNCT,P,P_SV_SECTOR,"2020-09-28 13:10:01",1239,1228,2,9,0,489,480,0,9,0,480,9,1400,902,37,195,17,175,10,6,2,2,0,0,0,7,5,2,0,22
42,"MUNICIPIUL BUCUREŞTI","COLEGIUL TEHNIC ”CAROL I”",1241,"BUCUREŞTI SECTORUL 6",179196,2,PART,PRCNCT,P,P_SV_SECTOR,"2020-09-28 13:10:01",1410,1394,5,11,0,514,503,0,11,0,499,15,1400,886,32,193,15,210,7,1,1,1,0,0,6,6,6,1,0,20
42,"MUNICIPIUL BUCUREŞTI","COLEGIUL TEHNIC ”CAROL I”",1240,"BUCUREŞTI SECTORUL 6",179196,1,PROV,PRCNCT,P,P_SV_SECTOR,"2020-09-28 13:10:01",1776,1772,1,3,0,544,541,0,3,0,531,13,1800,1256,35,210,13,222,8,4,1,1,4,1,3,11,2,1,1,14
42,"MUNICIPIUL BUCUREŞTI","COLEGIUL TEHNIC ”CAROL I”",1238,"BUCUREŞTI SECTORUL 6",179196,2,PART,PRCNCT,P,P_SV_SECTOR,"2020-09-28 13:10:01",1623,1612,4,7,0,519,512,0,7,0,508,11,1800,1281,40,192,25,197,10,2,0,0,0,1,2,7,7,2,3,20
42,"MUNICIPIUL BUCUREŞTI","COLEGIUL TEHNIC ”CAROL I”",1239,"BUCUREŞTI SECTORUL 6",179196,1,PART,PRCNCT,P,P_SV_SECTOR,"2020-09-28 13:10:01",1696,1680,1,15,0,589,574,0,15,0,584,5,1800,1211,31,218,25,247,8,3,3,4,3,2,1,6,2,3,2,26
42,"MUNICIPIUL BUCUREŞTI","COLEGIUL TEHNIC ”GHEORGHE ASACHI”",1078,"BUCUREŞTI SECTORUL 6",179196,1,PART,PRCNCT,P,P_SV_SECTOR,"2020-09-28 13:10:01",1203,1184,4,14,1,504,489,0,14,1,492,12,1200,696,45,185,21,187,11,0,0,0,2,0,1,8,2,0,0,30
42,"MUNICIPIUL BUCUREŞTI","COLEGIUL TEHNIC ”GHEORGHE ASACHI”",1079,"BUCUREŞTI SECTORUL 6",179196,1,PART,PRCNCT,P,P_SV_SECTOR,"2020-09-28 13:10:01",1205,1187,2,14,2,482,466,0,14,2,469,13,1200,718,26,187,13,193,8,4,0,0,3,0,1,10,2,0,2,20
42,"MUNICIPIUL BUCUREŞTI","COLEGIUL TEHNIC ”GHEORGHE ASACHI”",1076,"BUCUREŞTI SECTORUL 6",179196,1,PROV,PRCNCT,P,P_SV_SECTOR,"2020-09-28 13:10:01",1369,1359,2,7,1,543,535,0,7,1,525,12,1400,855,41,202,14,233,4,2,1,2,0,1,0,7,3,0,2,13
42,"MUNICIPIUL BUCUREŞTI","COLEGIUL TEHNIC ”GHEORGHE ASACHI”",1077,"BUCUREŞTI SECTORUL 6",179196,1,PROV,PRCNCT,P,P_SV_SECTOR,"2020-09-28 13:10:01",1108,1101,0,7,0,441,434,0,7,0,434,7,1200,759,48,184,13,146,4,10,0,3,0,0,2,4,1,0,3,16
42,"MUNICIPIUL BUCUREŞTI","COLEGIUL UCECOM ”SPIRU HARET”",1231,"BUCUREŞTI SECTORUL 6",179196,1,PART,PRCNCT,P,P_SV_SECTOR,"2020-09-28 13:10:01",1387,1281,55,49,2,738,687,0,49,2,726,12,1400,662,24,535,27,65,17,2,1,0,1,0,4,5,1,0,1,43
42,"MUNICIPIUL BUCUREŞTI","COLEGIUL UCECOM ”SPIRU HARET”",1232,"BUCUREŞTI SECTORUL 6",179196,1,PART,PRCNCT,P,P_SV_SECTOR,"2020-09-28 13:10:01",1123,1074,23,26,0,406,380,0,26,0,401,5,1200,794,12,246,9,91,6,0,1,1,0,1,2,3,5,1,2,21
42,"MUNICIPIUL BUCUREŞTI","LICEUL TEHNOLOGIC ”ANTIM IVIREANU”",1080,"BUCUREŞTI SECTORUL 6",179196,1,PART,PRCNCT,P,P_SV_SECTOR,"2020-09-28 13:10:01",1224,1215,2,7,0,530,523,0,7,0,527,3,1400,870,49,178,13,231,5,7,2,1,1,0,4,6,7,0,0,23
42,"MUNICIPIUL BUCUREŞTI","LICEUL TEHNOLOGIC ”ANTIM IVIREANU”",1082,"BUCUREŞTI SECTORUL 6",179196,1,PART,PRCNCT,P,P_SV_SECTOR,"2020-09-28 13:10:01",1164,1152,4,7,1,477,468,1,7,1,471,6,1200,723,40,202,14,164,6,6,5,0,2,0,2,11,4,1,0,14
42,"MUNICIPIUL BUCUREŞTI","LICEUL TEHNOLOGIC ”ANTIM IVIREANU”",1081,"BUCUREŞTI SECTORUL 6",179196,1,PART,PRCNCT,P,P_SV_SECTOR,"2020-09-28 13:10:01",1116,1109,2,5,0,498,493,0,5,0,493,5,1200,702,43,234,12,156,7,0,2,1,2,0,1,6,3,1,1,24
42,"MUNICIPIUL BUCUREŞTI","LICEUL TEHNOLOGIC ”ANTIM IVIREANU”",1087,"BUCUREŞTI SECTORUL 6",179196,1,PROV,PRCNCT,P,P_SV_SECTOR,"2020-09-28 13:10:01",1739,1722,2,13,2,611,596,0,13,2,601,9,2000,1390,50,260,28,197,5,3,3,1,0,1,4,18,3,0,3,25
42,"MUNICIPIUL BUCUREŞTI","LICEUL TEHNOLOGIC ”ANTIM IVIREANU”",1086,"BUCUREŞTI SECTORUL 6",179196,1,PART,PRCNCT,P,P_SV_SECTOR,"2020-09-28 13:10:01",1910,1872,8,28,2,884,854,0,28,2,876,8,2000,1116,57,499,33,203,9,5,0,7,2,2,1,13,6,1,4,34
42,"MUNICIPIUL BUCUREŞTI","LICEUL TEHNOLOGIC ”ANTIM IVIREANU”",1085,"BUCUREŞTI SECTORUL 6",179196,1,PART,PRCNCT,P,P_SV_SECTOR,"2020-09-28 13:10:01",1169,1158,0,11,0,463,452,0,11,0,453,10,1200,737,36,187,13,182,6,2,0,0,1,1,0,12,3,1,0,9
42,"MUNICIPIUL BUCUREŞTI","LICEUL TEHNOLOGIC ”ANTIM IVIREANU”",1084,"BUCUREŞTI SECTORUL 6",179196,1,PART,PRCNCT,P,P_SV_SECTOR,"2020-09-28 13:10:01",1066,1056,3,7,0,390,383,0,7,0,381,9,1200,810,25,158,21,128,12,4,2,1,2,0,5,6,4,0,0,13
42,"MUNICIPIUL BUCUREŞTI","LICEUL TEHNOLOGIC ”ANTIM IVIREANU”",1083,"BUCUREŞTI SECTORUL 6",179196,1,PART,PRCNCT,P,P_SV_SECTOR,"2020-09-28 13:10:01",1188,1174,2,12,0,374,362,0,12,0,363,11,1200,826,30,125,11,157,9,4,0,1,0,1,0,7,7,0,0,11
42,"MUNICIPIUL BUCUREŞTI","LICEUL TEHNOLOGIC ”COSTIN C. KIRIŢESCU”",1202,"BUCUREŞTI SECTORUL 6",179196,1,PROV,PRCNCT,P,P_SV_SECTOR,"2020-09-28 13:10:01",1442,1437,0,5,0,453,448,0,5,0,447,6,1600,1147,33,182,12,169,7,4,0,2,1,0,0,10,6,1,2,18
42,"MUNICIPIUL BUCUREŞTI","LICEUL TEHNOLOGIC ”COSTIN C. KIRIŢESCU”",1208,"BUCUREŞTI SECTORUL 6",179196,1,PROV,PRCNCT,P,P_SV_SECTOR,"2020-09-28 13:10:01",1831,1818,0,13,0,658,645,0,13,0,650,8,2000,1342,45,290,32,217,15,3,3,1,1,2,1,10,3,3,1,23
42,"MUNICIPIUL BUCUREŞTI","LICEUL TEHNOLOGIC ”COSTIN C. KIRIŢESCU”",1207,"BUCUREŞTI SECTORUL 6",179196,1,PROV,PRCNCT,P,P_SV_SECTOR,"2020-09-28 13:10:01",1810,1797,0,13,0,705,692,0,13,0,681,24,1800,1095,45,326,18,223,10,9,0,1,3,1,3,12,4,2,1,23
42,"MUNICIPIUL BUCUREŞTI","LICEUL TEHNOLOGIC ”COSTIN C. KIRIŢESCU”",1206,"BUCUREŞTI SECTORUL 6",179196,1,PROV,PRCNCT,P,P_SV_SECTOR,"2020-09-28 13:10:01",1671,1661,3,7,0,646,639,0,7,0,625,11,1800,1163,29,337,22,188,11,3,0,0,0,0,1,7,2,1,0,24
42,"MUNICIPIUL BUCUREŞTI","LICEUL TEHNOLOGIC ”COSTIN C. KIRIŢESCU”",1205,"BUCUREŞTI SECTORUL 6",179196,1,PROV,PRCNCT,P,P_SV_SECTOR,"2020-09-28 13:10:01",1119,1115,0,4,0,433,429,0,4,0,427,6,1200,767,24,199,12,152,11,2,1,0,2,1,0,5,3,0,2,13
42,"MUNICIPIUL BUCUREŞTI","LICEUL TEHNOLOGIC ”COSTIN C. KIRIŢESCU”",1204,"BUCUREŞTI SECTORUL 6",179196,1,PROV,PRCNCT,P,P_SV_SECTOR,"2020-09-28 13:10:01",1224,1205,9,9,1,476,465,1,9,1,474,2,1400,924,31,212,22,160,12,5,0,1,0,0,4,7,0,0,2,18
42,"MUNICIPIUL BUCUREŞTI","LICEUL TEHNOLOGIC ”COSTIN C. KIRIŢESCU”",1203,"BUCUREŞTI SECTORUL 6",179196,1,PART,PRCNCT,P,P_SV_SECTOR,"2020-09-28 13:10:01",1048,1043,0,5,0,382,377,0,5,0,379,3,1202,820,24,164,19,141,3,2,2,0,1,0,0,4,4,0,1,14
42,"MUNICIPIUL BUCUREŞTI","LICEUL TEHNOLOGIC ”COSTIN C. KIRIŢESCU”",1198,"BUCUREŞTI SECTORUL 6",179196,1,PART,PRCNCT,P,P_SV_SECTOR,"2020-09-28 13:10:01",1270,1247,7,16,0,500,484,0,16,0,495,5,1400,900,28,239,15,178,12,2,1,1,0,0,1,4,1,0,1,12
42,"MUNICIPIUL BUCUREŞTI","LICEUL TEHNOLOGIC ”COSTIN C. KIRIŢESCU”",1199,"BUCUREŞTI SECTORUL 6",179196,1,PART,PRCNCT,P,P_SV_SECTOR,"2020-09-28 13:10:01",1500,1482,5,12,1,579,566,0,12,1,573,6,1600,1021,40,313,18,162,8,3,0,1,4,0,3,6,2,1,0,12
42,"MUNICIPIUL BUCUREŞTI","LICEUL TEHNOLOGIC ”COSTIN C. KIRIŢESCU”",1200,"BUCUREŞTI SECTORUL 6",179196,1,PROV,PRCNCT,P,P_SV_SECTOR,"2020-09-28 13:10:01",1305,1294,2,8,1,461,452,0,8,1,455,6,1400,939,39,167,14,191,13,4,0,1,1,0,1,4,0,0,0,20
42,"MUNICIPIUL BUCUREŞTI","LICEUL TEHNOLOGIC ”COSTIN C. KIRIŢESCU”",1201,"BUCUREŞTI SECTORUL 6",179196,1,PROV,PRCNCT,P,P_SV_SECTOR,"2020-09-28 13:10:01",1348,1342,0,6,0,474,468,0,6,0,468,6,1400,926,26,194,13,180,12,2,0,1,0,1,0,7,7,0,1,24
42,"MUNICIPIUL BUCUREŞTI","LICEUL TEHNOLOGIC ”PETRU PONI”",1163,"BUCUREŞTI SECTORUL 6",179196,1,PART,PRCNCT,P,P_SV_SECTOR,"2020-09-28 13:10:01",1704,1678,4,22,0,600,578,0,22,0,588,12,1800,1200,39,304,20,153,13,3,0,1,0,1,1,5,11,1,1,35
42,"MUNICIPIUL BUCUREŞTI","LICEUL TEHNOLOGIC ”PETRU PONI”",1162,"BUCUREŞTI SECTORUL 6",179196,1,PART,PRCNCT,P,P_SV_SECTOR,"2020-09-28 13:10:01",1676,1639,20,17,0,550,533,0,17,0,543,7,1800,1250,29,186,16,269,7,2,0,1,1,0,1,6,3,2,4,16
42,"MUNICIPIUL BUCUREŞTI","LICEUL TEHNOLOGIC ”PETRU PONI”",1161,"BUCUREŞTI SECTORUL 6",179196,3,PART,PRCNCT,P,P_SV_SECTOR,"2020-09-28 13:10:01",1677,1649,0,28,0,768,740,0,28,0,765,3,1800,1032,39,422,17,209,18,9,0,1,1,0,1,13,5,1,0,29
42,"MUNICIPIUL BUCUREŞTI","LICEUL TEORETIC ”EUGEN LOVINESCU”",1101,"BUCUREŞTI SECTORUL 6",179196,1,PART,PRCNCT,P,P_SV_SECTOR,"2020-09-28 13:10:01",1416,1407,2,7,0,604,597,0,7,0,592,12,1600,996,74,274,22,180,9,1,0,2,0,0,4,4,5,1,1,15
42,"MUNICIPIUL BUCUREŞTI","LICEUL TEORETIC ”EUGEN LOVINESCU”",1106,"BUCUREŞTI SECTORUL 6",179196,1,PART,PRCNCT,P,P_SV_SECTOR,"2020-09-28 13:10:01",1225,1221,1,3,0,462,459,0,3,0,454,8,1400,938,46,212,16,143,7,1,0,2,1,0,1,4,7,0,0,14
42,"MUNICIPIUL BUCUREŞTI","LICEUL TEORETIC ”EUGEN LOVINESCU”",1107,"BUCUREŞTI SECTORUL 6",179196,1,PART,PRCNCT,P,P_SV_SECTOR,"2020-09-28 13:10:01",1169,1162,2,5,0,451,446,0,5,0,439,12,1200,749,51,191,13,134,11,1,2,1,1,0,1,5,3,0,4,21
42,"MUNICIPIUL BUCUREŞTI","LICEUL TEORETIC ”EUGEN LOVINESCU”",1108,"BUCUREŞTI SECTORUL 6",179196,1,PROV,PRCNCT,P,P_SV_SECTOR,"2020-09-28 13:10:01",1214,1202,0,12,0,460,448,0,12,0,451,9,1407,947,59,173,37,142,9,4,2,1,0,1,3,5,2,0,0,13
42,"MUNICIPIUL BUCUREŞTI","LICEUL TEORETIC ”EUGEN LOVINESCU”",1109,"BUCUREŞTI SECTORUL 6",179196,1,PROV,PRCNCT,P,P_SV_SECTOR,"2020-09-28 13:10:01",853,844,4,5,0,344,338,1,5,0,328,6,1000,663,31,146,10,104,4,7,0,1,0,1,0,4,5,0,1,14
42,"MUNICIPIUL BUCUREŞTI","LICEUL TEORETIC ”EUGEN LOVINESCU”",1105,"BUCUREŞTI SECTORUL 6",179196,1,PART,PRCNCT,P,P_SV_SECTOR,"2020-09-28 13:10:01",1381,1371,4,6,0,568,562,0,6,0,559,9,1400,832,57,244,27,177,14,1,1,2,0,1,1,10,5,0,0,19
42,"MUNICIPIUL BUCUREŞTI","LICEUL TEORETIC ”EUGEN LOVINESCU”",1102,"BUCUREŞTI SECTORUL 6",179196,1,PART,PRCNCT,P,P_SV_SECTOR,"2020-09-28 13:10:01",1291,1286,0,5,0,552,547,0,5,0,544,8,1400,848,53,242,22,177,8,3,2,0,0,0,1,6,1,0,1,28
42,"MUNICIPIUL BUCUREŞTI","LICEUL TEORETIC ”EUGEN LOVINESCU”",1104,"BUCUREŞTI SECTORUL 6",179196,1,PART,PRCNCT,P,P_SV_SECTOR,"2020-09-28 13:10:01",1491,1488,0,3,0,537,534,0,3,0,530,7,1600,1063,61,240,19,156,13,5,3,0,0,0,5,3,1,0,0,24
42,"MUNICIPIUL BUCUREŞTI","LICEUL TEORETIC ”EUGEN LOVINESCU”",1103,"BUCUREŞTI SECTORUL 6",179196,1,PROV,PRCNCT,P,P_SV_SECTOR,"2020-09-28 13:10:01",1579,1570,0,9,0,655,646,0,9,0,633,22,1600,611,89,284,20,166,15,5,2,3,1,1,2,3,10,2,1,29
42,"MUNICIPIUL BUCUREŞTI","LICEUL TEORETIC ”MARIN PREDA”",1256,"BUCUREŞTI SECTORUL 6",179196,1,PART,PRCNCT,P,P_SV_SECTOR,"2020-09-28 13:10:01",1332,1321,4,6,1,504,497,0,6,1,491,13,1400,896,31,158,13,227,13,2,1,1,0,0,5,8,5,1,5,21
42,"MUNICIPIUL BUCUREŞTI","LICEUL TEORETIC ”MARIN PREDA”",1257,"BUCUREŞTI SECTORUL 6",179196,1,PROV,PRCNCT,P,P_SV_SECTOR,"2020-09-28 13:10:01",1453,1434,8,9,2,599,588,0,9,2,581,18,1600,1001,36,219,20,249,5,4,3,2,3,3,0,11,2,1,4,19
42,"MUNICIPIUL BUCUREŞTI","LICEUL TEORETIC ”MARIN PREDA”",1258,"BUCUREŞTI SECTORUL 6",179196,1,PART,PRCNCT,P,P_SV_SECTOR,"2020-09-28 13:10:01",1446,1435,2,8,1,533,524,0,8,1,528,5,1600,1067,56,170,14,232,12,3,1,4,1,1,6,0,2,0,2,24
42,"MUNICIPIUL BUCUREŞTI","LICEUL TEORETIC ”MARIN PREDA”",1255,"BUCUREŞTI SECTORUL 6",179196,1,PART,PRCNCT,P,P_SV_SECTOR,"2020-09-28 13:10:01",1524,1512,0,12,0,506,494,0,12,0,494,12,1600,1094,27,212,2,196,6,6,2,3,0,1,1,8,6,0,1,23
42,"MUNICIPIUL BUCUREŞTI","LICEUL TEORETIC ”TUDOR VLADIMIRESCU”",1226,"BUCUREŞTI SECTORUL 6",179196,1,PART,PRCNCT,P,P_SV_SECTOR,"2020-09-28 13:10:01",1067,1058,3,6,0,477,471,0,6,0,462,15,1200,723,25,204,19,169,5,3,0,1,0,1,2,3,3,0,0,27
42,"MUNICIPIUL BUCUREŞTI","LICEUL TEORETIC ”TUDOR VLADIMIRESCU”",1225,"BUCUREŞTI SECTORUL 6",179196,2,PART,PRCNCT,P,P_SV_SECTOR,"2020-09-28 13:10:01",1498,1464,15,17,2,604,585,0,17,2,593,11,1600,996,33,321,22,178,11,0,0,3,0,1,3,3,1,0,0,17
42,"MUNICIPIUL BUCUREŞTI","LICEUL TEORETIC ”TUDOR VLADIMIRESCU”",1227,"BUCUREŞTI SECTORUL 6",179196,1,PROV,PRCNCT,P,P_SV_SECTOR,"2020-09-28 13:10:01",1391,1375,1,15,0,562,547,0,15,0,546,11,1400,843,34,250,21,194,10,2,0,0,1,1,3,5,4,1,3,17
42,"MUNICIPIUL BUCUREŞTI","LICEUL TEORETIC ”TUDOR VLADIMIRESCU”",1228,"BUCUREŞTI SECTORUL 6",179196,1,PART,PRCNCT,P,P_SV_SECTOR,"2020-09-28 13:10:01",958,946,2,9,1,412,402,0,9,1,408,4,1000,588,24,218,18,106,7,3,1,1,0,0,2,7,6,1,0,14
42,"MUNICIPIUL BUCUREŞTI","LICEUL TEORETIC ”TUDOR VLADIMIRESCU”",1229,"BUCUREŞTI SECTORUL 6",179196,1,PROV,PRCNCT,P,P_SV_SECTOR,"2020-09-28 13:10:01",2033,1918,52,61,2,976,913,0,61,2,961,15,2000,1024,30,621,23,206,17,2,2,1,1,2,3,5,4,1,4,39
42,"MUNICIPIUL BUCUREŞTI","ŞCOALA GIMNAZIALĂ ”ADRIAN PĂUNESCU”",1055,"BUCUREŞTI SECTORUL 6",179196,2,PART,PRCNCT,P,P_SV_SECTOR,"2020-09-28 13:10:01",1342,1331,2,8,1,536,527,0,8,1,524,12,1400,864,40,278,17,142,6,4,2,2,2,1,1,4,5,1,0,19
42,"MUNICIPIUL BUCUREŞTI","ŞCOALA GIMNAZIALĂ ”ADRIAN PĂUNESCU”",1052,"BUCUREŞTI SECTORUL 6",179196,1,PART,PRCNCT,P,P_SV_SECTOR,"2020-09-28 13:10:01",1351,1336,5,10,0,550,539,1,10,0,536,14,1400,850,46,262,21,154,5,3,2,0,2,0,0,4,4,1,0,32
42,"MUNICIPIUL BUCUREŞTI","ŞCOALA GIMNAZIALĂ ”ADRIAN PĂUNESCU”",1051,"BUCUREŞTI SECTORUL 6",179196,1,PART,PRCNCT,P,P_SV_SECTOR,"2020-09-28 13:10:01",1247,1231,6,7,3,497,487,0,7,3,473,24,1400,903,34,223,12,160,9,4,2,0,1,2,3,7,4,0,0,12
42,"MUNICIPIUL BUCUREŞTI","ŞCOALA GIMNAZIALĂ ”ADRIAN PĂUNESCU”",1053,"BUCUREŞTI SECTORUL 6",179196,2,PART,PRCNCT,P,P_SV_SECTOR,"2020-09-28 13:10:01",807,791,6,10,0,263,254,0,9,0,244,10,1000,537,26,116,0,72,9,2,0,0,0,0,2,1,2,2,0,12
42,"MUNICIPIUL BUCUREŞTI","ŞCOALA GIMNAZIALĂ ”ADRIAN PĂUNESCU”",1056,"BUCUREŞTI SECTORUL 6",179196,1,PROV,PRCNCT,P,P_SV_SECTOR,"2020-09-28 13:10:01",1225,1216,1,8,0,431,423,0,8,0,421,10,1400,168,46,186,16,132,8,3,0,1,2,0,0,5,2,0,1,19
42,"MUNICIPIUL BUCUREŞTI","ŞCOALA GIMNAZIALĂ ”ADRIAN PĂUNESCU”",1054,"BUCUREŞTI SECTORUL 6",179196,1,PART,PRCNCT,P,P_SV_SECTOR,"2020-09-28 13:10:01",1349,1336,5,8,0,536,528,0,8,0,532,4,1400,864,41,233,19,186,8,6,0,0,4,0,0,6,4,0,2,23
42,"MUNICIPIUL BUCUREŞTI","ŞCOALA GIMNAZIALĂ CONSTANTIN BRANCUSI",1168,"BUCUREŞTI SECTORUL 6",179196,1,PART,PRCNCT,P,P_SV_SECTOR,"2020-09-28 13:10:01",1557,1547,1,9,0,529,520,0,9,0,520,9,1600,1071,29,234,11,207,7,3,0,0,1,1,1,7,1,0,0,18
42,"MUNICIPIUL BUCUREŞTI","ŞCOALA GIMNAZIALĂ CONSTANTIN BRANCUSI",1169,"BUCUREŞTI SECTORUL 6",179196,1,PART,PRCNCT,P,P_SV_SECTOR,"2020-09-28 13:10:01",1850,1825,2,8,15,655,632,0,8,15,644,11,2000,1345,39,273,19,213,20,9,1,5,4,0,9,9,9,0,5,29
42,"MUNICIPIUL BUCUREŞTI","ŞCOALA GIMNAZIALĂ CONSTANTIN BRANCUSI",1170,"BUCUREŞTI SECTORUL 6",179196,3,PART,PRCNCT,P,P_SV_SECTOR,"2020-09-28 13:10:01",1601,1585,4,12,0,601,589,0,12,0,595,6,1601,1000,44,262,19,202,12,9,1,2,0,4,0,8,3,1,1,27
42,"MUNICIPIUL BUCUREŞTI","ŞCOALA GIMNAZIALĂ ”CONSTANTIN BRÂNCUŞI”",1183,"BUCUREŞTI SECTORUL 6",179196,1,PART,PRCNCT,P,P_SV_SECTOR,"2020-09-28 13:10:01",981,966,0,15,0,421,406,0,15,0,410,11,1000,579,25,175,17,145,8,6,0,1,0,0,3,11,3,1,0,15
42,"MUNICIPIUL BUCUREŞTI","ŞCOALA GIMNAZIALĂ ”CONSTANTIN BRÂNCUŞI”",1177,"BUCUREŞTI SECTORUL 6",179196,1,PROV,PRCNCT,P,P_SV_SECTOR,"2020-09-28 13:10:01",1353,1344,2,7,0,547,540,0,7,0,540,7,1400,853,34,232,20,198,9,2,5,1,0,0,3,5,6,0,1,24
42,"MUNICIPIUL BUCUREŞTI","ŞCOALA GIMNAZIALĂ ”CONSTANTIN BRÂNCUŞI”",1178,"BUCUREŞTI SECTORUL 6",179196,1,PROV,PRCNCT,P,P_SV_SECTOR,"2020-09-28 13:10:01",1369,1355,0,14,0,540,526,0,14,0,527,13,1400,860,32,245,23,172,13,1,0,2,1,1,1,5,3,1,3,24
42,"MUNICIPIUL BUCUREŞTI","ŞCOALA GIMNAZIALĂ ”CONSTANTIN BRÂNCUŞI”",1179,"BUCUREŞTI SECTORUL 6",179196,2,PART,PRCNCT,P,P_SV_SECTOR,"2020-09-28 13:10:01",1435,1404,0,3,28,582,551,0,3,28,573,6,1600,1021,36,253,19,207,15,3,2,2,2,0,2,6,8,1,1,16
42,"MUNICIPIUL BUCUREŞTI","ŞCOALA GIMNAZIALĂ ”CONSTANTIN BRÂNCUŞI”",1180,"BUCUREŞTI SECTORUL 6",179196,1,PART,PRCNCT,P,P_SV_SECTOR,"2020-09-28 13:10:01",1199,1184,2,11,2,428,415,0,11,2,422,6,1201,773,41,169,12,154,9,3,2,1,0,0,0,9,3,2,2,15
42,"MUNICIPIUL BUCUREŞTI","ŞCOALA GIMNAZIALĂ ”CONSTANTIN BRÂNCUŞI”",1181,"BUCUREŞTI SECTORUL 6",179196,1,PART,PRCNCT,P,P_SV_SECTOR,"2020-09-28 13:10:01",1530,1519,2,9,0,618,609,0,9,0,610,8,1600,982,41,252,12,223,20,2,2,2,1,1,3,10,10,2,0,29
42,"MUNICIPIUL BUCUREŞTI","ŞCOALA GIMNAZIALĂ ”CONSTANTIN BRÂNCUŞI”",1182,"BUCUREŞTI SECTORUL 6",179196,1,PART,PRCNCT,P,P_SV_SECTOR,"2020-09-28 13:10:01",913,909,2,1,1,381,379,0,1,1,376,5,1000,619,34,160,19,130,10,2,0,1,0,1,0,6,2,1,0,10
42,"MUNICIPIUL BUCUREŞTI","ŞCOALA GIMNAZIALĂ ”ION DUMITRIU”",1155,"BUCUREŞTI SECTORUL 6",179196,1,PART,PRCNCT,P,P_SV_SECTOR,"2020-09-28 13:10:01",1578,1570,0,8,0,571,563,0,8,0,567,4,1600,1029,37,200,20,249,15,4,1,1,2,1,2,8,7,3,0,17
42,"MUNICIPIUL BUCUREŞTI","ŞCOALA GIMNAZIALĂ ”ION DUMITRIU”",1150,"BUCUREŞTI SECTORUL 6",179196,1,PROV,PRCNCT,P,P_SV_SECTOR,"2020-09-28 13:10:01",1255,1245,0,9,1,481,471,0,9,1,476,2,1400,129,35,162,13,212,9,1,16,0,1,0,0,4,5,0,0,18
42,"MUNICIPIUL BUCUREŞTI","ŞCOALA GIMNAZIALĂ ”ION DUMITRIU”",1151,"BUCUREŞTI SECTORUL 6",179196,1,PART,PRCNCT,P,P_SV_SECTOR,"2020-09-28 13:10:01",1536,1528,1,7,0,587,580,0,7,0,576,11,1600,1013,48,218,20,225,10,5,8,1,1,1,4,6,9,1,1,18
42,"MUNICIPIUL BUCUREŞTI","ŞCOALA GIMNAZIALĂ ”ION DUMITRIU”",1152,"BUCUREŞTI SECTORUL 6",179196,1,PART,PRCNCT,P,P_SV_SECTOR,"2020-09-28 13:10:01",1214,1209,0,5,0,405,400,0,5,0,399,6,1400,995,24,135,16,185,8,1,3,0,1,0,1,6,5,1,0,13
42,"MUNICIPIUL BUCUREŞTI","ŞCOALA GIMNAZIALĂ ”ION DUMITRIU”",1153,"BUCUREŞTI SECTORUL 6",179196,1,PART,PRCNCT,P,P_SV_SECTOR,"2020-09-28 13:10:01",1703,1695,2,5,1,597,591,0,5,1,587,10,1800,1203,42,214,17,248,13,4,5,1,1,0,2,12,5,1,1,21
42,"MUNICIPIUL BUCUREŞTI","ŞCOALA GIMNAZIALĂ ”ION DUMITRIU”",1154,"BUCUREŞTI SECTORUL 6",179196,1,PART,PRCNCT,P,P_SV_SECTOR,"2020-09-28 13:10:01",1346,1340,1,5,0,515,510,0,5,0,512,3,1400,885,36,203,22,202,10,2,5,2,0,0,2,7,3,1,0,17
42,"MUNICIPIUL BUCUREŞTI","ŞCOALA GIMNAZIALĂ ”ION DUMITRIU”",1156,"BUCUREŞTI SECTORUL 6",179196,1,PROV,PRCNCT,P,P_SV_SECTOR,"2020-09-28 13:10:01",1277,1270,3,4,0,420,416,0,4,0,408,12,1400,980,47,146,10,164,10,2,1,0,0,1,0,4,11,0,1,11
42,"MUNICIPIUL BUCUREŞTI","ŞCOALA GIMNAZIALĂ ”ION DUMITRIU”",1157,"BUCUREŞTI SECTORUL 6",179196,1,PART,PRCNCT,P,P_SV_SECTOR,"2020-09-28 13:10:01",1479,1462,5,12,0,551,538,1,12,0,549,2,1600,1049,42,227,14,209,7,5,2,1,1,1,3,11,6,0,1,19
42,"MUNICIPIUL BUCUREŞTI","ŞCOALA GIMNAZIALĂ ”ION DUMITRIU”",1158,"BUCUREŞTI SECTORUL 6",179196,1,PART,PRCNCT,P,P_SV_SECTOR,"2020-09-28 13:10:01",1625,1616,2,6,1,563,556,0,6,1,549,14,1800,1237,30,209,19,228,10,4,0,1,3,2,0,10,4,1,1,27
42,"MUNICIPIUL BUCUREŞTI","ŞCOALA GIMNAZIALĂ ”ION DUMITRIU”",1159,"BUCUREŞTI SECTORUL 6",179196,1,PROV,PRCNCT,P,P_SV_SECTOR,"2020-09-28 13:10:01",1638,1629,2,7,0,480,473,0,7,0,466,7,1800,1327,64,165,16,157,16,6,0,1,0,0,1,13,8,2,0,17
42,"MUNICIPIUL BUCUREŞTI","ŞCOALA GIMNAZIALĂ NR.117",1222,"BUCUREŞTI SECTORUL 6",179196,1,PROV,PRCNCT,P,P_SV_SECTOR,"2020-09-28 13:10:01",1585,1579,2,3,1,484,480,0,3,1,475,9,1600,1116,29,163,19,211,12,1,2,2,3,1,1,5,5,0,1,20
42,"MUNICIPIUL BUCUREŞTI","ŞCOALA GIMNAZIALĂ NR.117",1223,"BUCUREŞTI SECTORUL 6",179196,1,PART,PRCNCT,P,P_SV_SECTOR,"2020-09-28 13:10:01",1257,1251,2,4,0,364,360,0,4,0,354,10,1400,1036,20,121,9,174,8,2,0,2,0,1,0,5,3,0,3,6
42,"MUNICIPIUL BUCUREŞTI","ŞCOALA GIMNAZIALĂ NR.117",1224,"BUCUREŞTI SECTORUL 6",179196,1,PART,PRCNCT,P,P_SV_SECTOR,"2020-09-28 13:10:01",1602,1573,19,10,0,580,570,0,10,0,575,5,1600,1020,40,271,12,211,7,1,0,2,1,1,3,6,2,1,1,16
42,"MUNICIPIUL BUCUREŞTI","ŞCOALA GIMNAZIALĂ NR.117",1221,"BUCUREŞTI SECTORUL 6",179196,1,PART,PRCNCT,P,P_SV_SECTOR,"2020-09-28 13:10:01",1753,1741,5,7,0,585,578,0,7,0,577,8,1800,1215,46,227,22,219,10,1,2,1,3,0,3,6,6,0,1,30
42,"MUNICIPIUL BUCUREŞTI","ŞCOALA GIMNAZIALĂ NR.117",1220,"BUCUREŞTI SECTORUL 6",179196,1,PROV,PRCNCT,P,P_SV_SECTOR,"2020-09-28 13:10:01",1683,1610,51,22,0,796,772,2,22,0,789,3,1800,1008,46,422,24,177,14,1,1,30,1,2,1,11,5,3,3,48
42,"MUNICIPIUL BUCUREŞTI","ŞCOALA GIMNAZIALĂ NR.117",1219,"BUCUREŞTI SECTORUL 6",179196,1,PART,PRCNCT,P,P_SV_SECTOR,"2020-09-28 13:10:01",1531,1514,8,8,1,635,626,0,8,1,624,11,1600,965,33,283,28,206,10,13,1,1,1,0,1,5,9,2,2,29
42,"MUNICIPIUL BUCUREŞTI","ŞCOALA GIMNAZIALĂ NR.117",1218,"BUCUREŞTI SECTORUL 6",179196,1,PROV,PRCNCT,P,P_SV_SECTOR,"2020-09-28 13:10:01",1432,1422,5,5,0,527,522,0,5,0,525,2,1600,1073,25,266,25,164,10,7,1,0,0,2,2,4,3,0,1,15
42,"MUNICIPIUL BUCUREŞTI","ŞCOALA GIMNAZIALĂ NR.142",1213,"BUCUREŞTI SECTORUL 6",179196,2,PART,PRCNCT,P,P_SV_SECTOR,"2020-09-28 13:10:01",1260,1248,2,9,1,481,470,1,9,1,473,8,1400,919,33,168,15,218,8,2,2,2,0,1,3,4,6,0,0,11
42,"MUNICIPIUL BUCUREŞTI","ŞCOALA GIMNAZIALĂ NR.142",1215,"BUCUREŞTI SECTORUL 6",179196,1,PROV,PRCNCT,P,P_SV_SECTOR,"2020-09-28 13:10:01",1478,1454,16,8,0,539,530,1,8,0,533,6,1600,1061,48,214,19,192,10,9,0,0,2,3,5,8,2,1,1,19
42,"MUNICIPIUL BUCUREŞTI","ŞCOALA GIMNAZIALĂ NR.142",1216,"BUCUREŞTI SECTORUL 6",179196,1,PART,PRCNCT,P,P_SV_SECTOR,"2020-09-28 13:10:01",1312,1303,2,7,0,525,518,0,7,0,511,14,1400,875,31,198,13,223,9,5,4,1,0,0,1,11,2,0,0,13
42,"MUNICIPIUL BUCUREŞTI","ŞCOALA GIMNAZIALĂ NR.142",1214,"BUCUREŞTI SECTORUL 6",179196,1,PART,PRCNCT,P,P_SV_SECTOR,"2020-09-28 13:10:01",1726,1712,5,8,1,620,611,0,8,1,610,10,1800,1180,61,213,20,240,12,11,2,0,2,0,2,13,6,1,3,24
42,"MUNICIPIUL BUCUREŞTI","ŞCOALA GIMNAZIALĂ NR.142",1217,"BUCUREŞTI SECTORUL 6",179196,1,PROV,PRCNCT,P,P_SV_SECTOR,"2020-09-28 13:10:01",1438,1421,6,11,0,517,506,0,11,0,504,13,1600,1083,38,199,19,189,11,6,4,2,3,2,6,7,7,0,1,10
42,"MUNICIPIUL BUCUREŞTI","ŞCOALA GIMNAZIALĂ NR.142",1212,"BUCUREŞTI SECTORUL 6",179196,1,PART,PRCNCT,P,P_SV_SECTOR,"2020-09-28 13:10:01",1532,1520,3,9,0,531,522,0,9,0,523,8,1600,1069,41,201,21,218,5,2,0,0,1,0,3,5,1,1,2,22
42,"MUNICIPIUL BUCUREŞTI","ŞCOALA GIMNAZIALĂ NR.142",1211,"BUCUREŞTI SECTORUL 6",179196,1,PROV,PRCNCT,P,P_SV_SECTOR,"2020-09-28 13:10:01",1572,1562,0,5,5,687,677,0,5,5,670,12,1600,918,46,253,25,273,11,5,3,3,2,3,2,8,0,3,2,31
42,"MUNICIPIUL BUCUREŞTI","ŞCOALA GIMNAZIALĂ NR.142",1210,"BUCUREŞTI SECTORUL 6",179196,1,PART,PRCNCT,P,P_SV_SECTOR,"2020-09-28 13:10:01",1384,1360,11,13,0,519,505,1,13,0,515,4,1400,881,31,205,19,206,16,4,3,1,0,1,1,5,3,0,0,20
42,"MUNICIPIUL BUCUREŞTI","ŞCOALA GIMNAZIALĂ NR.142",1209,"BUCUREŞTI SECTORUL 6",179196,1,PART,PRCNCT,P,P_SV_SECTOR,"2020-09-28 13:10:01",1172,1163,0,9,0,361,352,0,9,0,355,6,1200,839,19,143,17,147,10,2,0,1,1,1,1,3,0,1,1,8
42,"MUNICIPIUL BUCUREŞTI","ŞCOALA GIMNAZIALĂ NR.153",1271,"BUCUREŞTI SECTORUL 6",179196,1,PART,PRCNCT,P,P_SV_SECTOR,"2020-09-28 13:10:01",1110,1103,0,7,0,371,364,0,7,0,350,21,1200,829,19,68,7,165,4,7,1,1,2,1,2,6,7,1,47,12
42,"MUNICIPIUL BUCUREŞTI","ŞCOALA GIMNAZIALĂ NR.153",1272,"BUCUREŞTI SECTORUL 6",179196,1,PROV,PRCNCT,P,P_SV_SECTOR,"2020-09-28 13:10:01",1500,1495,2,3,0,482,479,0,3,0,471,11,1600,1118,48,89,16,209,12,9,3,1,1,3,2,10,8,2,46,12
42,"MUNICIPIUL BUCUREŞTI","ŞCOALA GIMNAZIALĂ NR.153",1270,"BUCUREŞTI SECTORUL 6",179196,1,PART,PRCNCT,P,P_SV_SECTOR,"2020-09-28 13:10:01",1083,1075,0,8,0,280,272,0,8,0,269,11,1200,920,16,54,2,122,4,4,3,1,0,1,2,6,5,2,35,12
42,"MUNICIPIUL BUCUREŞTI","ŞCOALA GIMNAZIALĂ NR.156",1195,"BUCUREŞTI SECTORUL 6",179196,1,PART,PRCNCT,P,P_SV_SECTOR,"2020-09-28 13:10:01",1486,1463,10,9,4,520,507,0,9,4,514,6,1600,1080,48,225,21,172,12,3,1,1,1,0,1,5,2,1,1,20
42,"MUNICIPIUL BUCUREŞTI","ŞCOALA GIMNAZIALĂ NR.156",1189,"BUCUREŞTI SECTORUL 6",179196,1,PROV,PRCNCT,P,P_SV_SECTOR,"2020-09-28 13:10:01",1810,1801,0,9,0,708,699,0,9,0,693,15,2000,1292,42,359,22,192,10,4,0,2,0,0,3,10,13,0,2,34
42,"MUNICIPIUL BUCUREŞTI","ŞCOALA GIMNAZIALĂ NR.156",1190,"BUCUREŞTI SECTORUL 6",179196,1,PART,PRCNCT,P,P_SV_SECTOR,"2020-09-28 13:10:01",1602,1597,0,5,0,615,610,0,5,0,597,18,1600,985,39,254,21,209,16,8,3,0,1,2,4,10,4,2,1,23
42,"MUNICIPIUL BUCUREŞTI","ŞCOALA GIMNAZIALĂ NR.156",1191,"BUCUREŞTI SECTORUL 6",179196,1,PART,PRCNCT,P,P_SV_SECTOR,"2020-09-28 13:10:01",1410,1398,2,10,0,533,523,0,10,0,529,4,1401,868,40,226,19,168,16,6,1,5,0,0,4,9,8,1,3,23
42,"MUNICIPIUL BUCUREŞTI","ŞCOALA GIMNAZIALĂ NR.156",1188,"BUCUREŞTI SECTORUL 6",179196,1,PART,PRCNCT,P,P_SV_SECTOR,"2020-09-28 13:10:01",1679,1655,3,19,2,642,621,0,19,2,636,6,1800,1158,50,284,20,228,11,4,0,2,3,0,4,7,3,0,3,17
42,"MUNICIPIUL BUCUREŞTI","ŞCOALA GIMNAZIALĂ NR.156",1192,"BUCUREŞTI SECTORUL 6",179196,1,PART,PRCNCT,P,P_SV_SECTOR,"2020-09-28 13:10:01",1548,1534,0,14,0,620,606,0,14,0,604,16,1600,980,45,275,17,213,9,3,0,1,0,0,0,6,3,4,1,27
42,"MUNICIPIUL BUCUREŞTI","ŞCOALA GIMNAZIALĂ NR.156",1193,"BUCUREŞTI SECTORUL 6",179196,1,PART,PRCNCT,P,P_SV_SECTOR,"2020-09-28 13:10:01",1397,1371,7,17,2,532,513,0,17,2,525,7,1400,868,44,223,13,199,4,0,0,1,0,0,2,11,1,1,0,26
42,"MUNICIPIUL BUCUREŞTI","ŞCOALA GIMNAZIALĂ NR.156",1194,"BUCUREŞTI SECTORUL 6",179196,1,PART,PRCNCT,P,P_SV_SECTOR,"2020-09-28 13:10:01",1878,1865,3,10,0,678,668,0,10,0,664,14,2000,1322,50,322,21,201,15,3,1,3,0,3,4,10,7,0,2,22
42,"MUNICIPIUL BUCUREŞTI","ŞCOALA GIMNAZIALĂ NR.156",1197,"BUCUREŞTI SECTORUL 6",179196,1,PROV,PRCNCT,P,P_SV_SECTOR,"2020-09-28 13:10:01",1952,1923,6,22,1,711,688,0,22,1,702,9,2000,1289,38,373,27,185,13,9,2,0,0,1,1,10,10,1,1,31
42,"MUNICIPIUL BUCUREŞTI","ŞCOALA GIMNAZIALĂ NR.156",1196,"BUCUREŞTI SECTORUL 6",179196,1,PROV,PRCNCT,P,P_SV_SECTOR,"2020-09-28 13:10:01",1502,1492,3,7,0,517,510,0,7,0,513,4,1600,83,31,225,30,163,15,6,0,0,1,0,3,8,6,0,1,24
42,"MUNICIPIUL BUCUREŞTI","ŞCOALA GIMNAZIALĂ NR.161",1273,"BUCUREŞTI SECTORUL 6",179196,1,PART,PRCNCT,P,P_SV_SECTOR,"2020-09-28 13:10:01",1105,1098,1,6,0,276,270,0,6,0,269,7,1200,924,19,61,11,136,7,2,2,2,1,1,0,10,2,0,12,3
42,"MUNICIPIUL BUCUREŞTI","ŞCOALA GIMNAZIALĂ NR.162",1268,"BUCUREŞTI SECTORUL 6",179196,2,PART,PRCNCT,P,P_SV_SECTOR,"2020-09-28 13:10:01",1086,1072,1,13,0,392,379,0,13,0,382,9,1200,809,38,143,10,136,4,6,2,0,3,0,0,8,4,0,19,9
42,"MUNICIPIUL BUCUREŞTI","ŞCOALA GIMNAZIALĂ NR.162",1269,"BUCUREŞTI SECTORUL 6",179196,1,PART,PRCNCT,P,P_SV_SECTOR,"2020-09-28 13:10:01",1431,1424,1,6,0,498,492,0,6,0,488,10,1600,1102,45,180,14,188,4,5,2,0,4,7,1,8,6,1,7,16
42,"MUNICIPIUL BUCUREŞTI","ŞCOALA GIMNAZIALĂ NR.163",1254,"BUCUREŞTI SECTORUL 6",179196,1,PART,PRCNCT,P,P_SV_SECTOR,"2020-09-28 13:10:01",1260,1244,4,12,0,442,430,0,12,0,429,13,1400,958,21,136,17,201,13,0,1,2,0,1,2,6,5,0,11,13
42,"MUNICIPIUL BUCUREŞTI","ŞCOALA GIMNAZIALĂ NR.163",1253,"BUCUREŞTI SECTORUL 6",179196,1,PART,PRCNCT,P,P_SV_SECTOR,"2020-09-28 13:10:01",1185,1178,2,5,0,412,407,0,5,0,407,5,1200,788,27,128,12,194,9,4,1,0,0,0,2,5,5,1,4,15
42,"MUNICIPIUL BUCUREŞTI","ŞCOALA GIMNAZIALĂ NR.163",1252,"BUCUREŞTI SECTORUL 6",179196,1,PART,PRCNCT,P,P_SV_SECTOR,"2020-09-28 13:10:01",1441,1431,0,10,0,539,529,0,10,0,527,12,1600,1061,20,154,14,280,7,6,1,1,0,2,6,6,2,2,9,17
42,"MUNICIPIUL BUCUREŞTI","ŞCOALA GIMNAZIALĂ NR.163",1246,"BUCUREŞTI SECTORUL 6",179196,1,PART,PRCNCT,P,P_SV_SECTOR,"2020-09-28 13:10:01",1695,1678,2,13,2,631,616,0,13,2,618,13,1804,1173,41,237,25,239,16,1,1,0,2,2,1,6,9,1,0,37
42,"MUNICIPIUL BUCUREŞTI","ŞCOALA GIMNAZIALĂ NR.163",1248,"BUCUREŞTI SECTORUL 6",179196,2,PART,PRCNCT,P,P_SV_SECTOR,"2020-09-28 13:10:01",1202,1192,2,7,1,384,376,0,7,1,379,5,1200,816,20,140,14,155,7,5,0,1,1,1,3,11,1,1,5,14
42,"MUNICIPIUL BUCUREŞTI","ŞCOALA GIMNAZIALĂ NR.163",1247,"BUCUREŞTI SECTORUL 6",179196,1,PROV,PRCNCT,P,P_SV_SECTOR,"2020-09-28 13:10:01",1579,1555,5,19,0,554,535,0,19,0,539,14,1600,1046,37,230,8,193,13,3,0,3,1,3,2,7,5,2,6,26
42,"MUNICIPIUL BUCUREŞTI","ŞCOALA GIMNAZIALĂ NR.163",1251,"BUCUREŞTI SECTORUL 6",179196,1,PART,PRCNCT,P,P_SV_SECTOR,"2020-09-28 13:10:01",1247,1238,3,6,0,451,445,0,6,0,444,7,1400,949,48,151,6,188,9,3,1,1,2,0,0,10,4,2,3,16
42,"MUNICIPIUL BUCUREŞTI","ŞCOALA GIMNAZIALĂ NR.163",1250,"BUCUREŞTI SECTORUL 6",179196,1,PART,PRCNCT,P,P_SV_SECTOR,"2020-09-28 13:10:01",1268,1264,0,4,0,481,477,0,4,0,474,7,1400,919,35,168,12,202,12,4,2,1,0,0,1,8,1,1,6,21
42,"MUNICIPIUL BUCUREŞTI","ŞCOALA GIMNAZIALĂ NR.163",1249,"BUCUREŞTI SECTORUL 6",179196,1,PART,PRCNCT,P,P_SV_SECTOR,"2020-09-28 13:10:01",1118,1111,0,6,1,402,395,0,6,1,390,12,1200,798,30,151,19,135,9,1,1,1,2,1,5,10,6,0,2,17
42,"MUNICIPIUL BUCUREŞTI","ŞCOALA GIMNAZIALĂ NR.164",1073,"BUCUREŞTI SECTORUL 6",179196,1,PART,PRCNCT,P,P_SV_SECTOR,"2020-09-28 13:10:01",1026,1013,2,11,0,432,421,0,11,0,426,6,1200,768,30,176,8,161,9,6,0,1,1,1,1,12,1,0,2,17
42,"MUNICIPIUL BUCUREŞTI","ŞCOALA GIMNAZIALĂ NR.164",1075,"BUCUREŞTI SECTORUL 6",179196,1,PROV,PRCNCT,P,P_SV_SECTOR,"2020-09-28 13:10:01",1001,989,4,8,0,398,390,0,8,0,389,5,1000,600,21,184,11,139,5,5,0,1,0,0,1,11,0,0,0,11
42,"MUNICIPIUL BUCUREŞTI","ŞCOALA GIMNAZIALĂ NR.167",1262,"BUCUREŞTI SECTORUL 6",179196,1,PART,PRCNCT,P,P_SV_SECTOR,"2020-09-28 13:10:01",1087,1078,1,8,0,328,320,0,8,0,324,4,1200,872,18,130,9,136,6,2,0,4,0,0,2,6,0,1,0,10
42,"MUNICIPIUL BUCUREŞTI","ŞCOALA GIMNAZIALĂ NR.167",1264,"BUCUREŞTI SECTORUL 6",179196,1,PART,PRCNCT,P,P_SV_SECTOR,"2020-09-28 13:10:01",1522,1513,0,7,2,560,551,0,7,2,556,4,1600,1040,42,208,23,209,6,11,1,0,2,1,4,7,12,0,2,28
42,"MUNICIPIUL BUCUREŞTI","ŞCOALA GIMNAZIALĂ NR.167",1265,"BUCUREŞTI SECTORUL 6",179196,1,PART,PRCNCT,P,P_SV_SECTOR,"2020-09-28 13:10:01",1082,1072,2,8,0,424,416,0,8,0,420,4,1200,776,35,167,11,164,6,1,1,0,0,0,0,7,5,3,2,18
42,"MUNICIPIUL BUCUREŞTI","ŞCOALA GIMNAZIALĂ NR.167",1261,"BUCUREŞTI SECTORUL 6",179196,1,PART,PRCNCT,P,P_SV_SECTOR,"2020-09-28 13:10:01",1197,1187,3,7,0,473,466,0,7,0,467,6,1200,727,39,192,10,177,6,1,1,2,8,0,4,4,5,1,1,16
42,"MUNICIPIUL BUCUREŞTI","ŞCOALA GIMNAZIALĂ NR.167",1260,"BUCUREŞTI SECTORUL 6",179196,1,PART,PRCNCT,P,P_SV_SECTOR,"2020-09-28 13:10:01",1515,1502,2,10,1,495,484,0,10,1,488,7,1600,1105,31,188,17,190,9,6,3,0,2,0,2,6,5,0,3,26
42,"MUNICIPIUL BUCUREŞTI","ŞCOALA GIMNAZIALĂ NR.167",1259,"BUCUREŞTI SECTORUL 6",179196,1,PART,PRCNCT,P,P_SV_SECTOR,"2020-09-28 13:10:01",1389,1371,4,14,0,470,456,0,14,0,462,8,1400,930,28,191,9,193,5,2,0,1,0,0,0,6,4,1,2,20
42,"MUNICIPIUL BUCUREŞTI","ŞCOALA GIMNAZIALĂ NR.167",1266,"BUCUREŞTI SECTORUL 6",179196,1,PART,PRCNCT,P,P_SV_SECTOR,"2020-09-28 13:10:01",1175,1164,2,9,0,451,442,0,9,0,442,9,1200,749,25,171,14,189,6,5,0,0,0,2,0,4,3,0,3,20
42,"MUNICIPIUL BUCUREŞTI","ŞCOALA GIMNAZIALĂ NR.167",1267,"BUCUREŞTI SECTORUL 6",179196,1,PART,PRCNCT,P,P_SV_SECTOR,"2020-09-28 13:10:01",1351,1339,1,10,1,559,548,0,10,1,541,18,1400,841,32,207,15,213,18,5,0,1,0,0,2,10,5,1,6,26
42,"MUNICIPIUL BUCUREŞTI","ŞCOALA GIMNAZIALĂ NR.167",1263,"BUCUREŞTI SECTORUL 6",179196,1,PART,PRCNCT,P,P_SV_SECTOR,"2020-09-28 13:10:01",1645,1631,4,10,0,636,626,0,10,0,630,6,1800,1164,37,277,22,233,8,2,2,1,0,0,5,5,4,2,3,29
42,"MUNICIPIUL BUCUREŞTI","ŞCOALA GIMNAZIALĂ NR.168",1233,"BUCUREŞTI SECTORUL 6",179196,1,PROV,PRCNCT,P,P_SV_SECTOR,"2020-09-28 13:10:01",1610,1577,8,15,10,524,500,1,14,9,502,22,1600,1076,44,220,11,171,17,0,0,6,0,1,0,8,5,2,4,13
42,"MUNICIPIUL BUCUREŞTI","ŞCOALA GIMNAZIALĂ NR.168",1235,"BUCUREŞTI SECTORUL 6",179196,1,PART,PRCNCT,P,P_SV_SECTOR,"2020-09-28 13:10:01",1621,1611,3,7,0,598,591,0,7,0,582,16,1800,1202,43,265,9,187,11,4,1,5,1,0,3,15,7,1,2,28
42,"MUNICIPIUL BUCUREŞTI","ŞCOALA GIMNAZIALĂ NR.168",1237,"BUCUREŞTI SECTORUL 6",179196,1,PART,PRCNCT,P,P_SV_SECTOR,"2020-09-28 13:10:01",1604,1588,3,13,0,528,515,0,13,0,515,13,1600,1072,38,255,20,139,9,0,1,1,2,1,0,6,5,0,2,36
42,"MUNICIPIUL BUCUREŞTI","ŞCOALA GIMNAZIALĂ NR.168",1236,"BUCUREŞTI SECTORUL 6",179196,1,PART,PRCNCT,P,P_SV_SECTOR,"2020-09-28 13:10:01",1344,1336,1,7,0,502,495,0,7,0,491,11,1400,898,48,196,13,174,14,3,0,3,0,0,1,6,5,2,6,20
42,"MUNICIPIUL BUCUREŞTI","ŞCOALA GIMNAZIALĂ NR.168",1234,"BUCUREŞTI SECTORUL 6",179196,1,PART,PRCNCT,P,P_SV_SECTOR,"2020-09-28 13:10:01",1706,1686,4,14,2,552,536,0,14,2,541,11,1800,1248,54,228,21,189,5,3,1,0,0,0,2,7,7,1,1,22
42,"MUNICIPIUL BUCUREŞTI","ŞCOALA GIMNAZIALĂ NR.169 CORPI",1091,"BUCUREŞTI SECTORUL 6",179196,1,PART,PRCNCT,P,P_SV_SECTOR,"2020-09-28 13:10:01",1285,1278,0,7,0,514,507,0,7,0,504,8,1400,888,28,222,18,176,8,3,2,2,3,0,2,11,2,1,1,25
42,"MUNICIPIUL BUCUREŞTI","ŞCOALA GIMNAZIALĂ NR.169 CORPI",1088,"BUCUREŞTI SECTORUL 6",179196,1,PART,PRCNCT,P,P_SV_SECTOR,"2020-09-28 13:10:01",1153,1139,6,6,2,497,488,1,6,2,490,7,1200,703,30,229,28,145,15,7,2,4,0,1,0,7,1,3,1,17
42,"MUNICIPIUL BUCUREŞTI","ŞCOALA GIMNAZIALĂ NR.169 CORPI",1089,"BUCUREŞTI SECTORUL 6",179196,4,PART,PRCNCT,P,P_SV_SECTOR,"2020-09-28 13:10:01",1127,1119,2,5,1,459,453,0,5,1,452,6,1200,742,47,153,31,176,7,4,0,1,0,0,1,10,7,0,0,15
42,"MUNICIPIUL BUCUREŞTI","ŞCOALA GIMNAZIALĂ NR.169 CORPI",1092,"BUCUREŞTI SECTORUL 6",179196,1,PROV,PRCNCT,P,P_SV_SECTOR,"2020-09-28 13:10:01",1259,1250,4,5,0,528,523,0,5,0,517,11,1400,72,47,221,20,180,3,3,1,0,2,0,5,17,5,0,0,13
42,"MUNICIPIUL BUCUREŞTI","ŞCOALA GIMNAZIALĂ NR.169 CORPI",1090,"BUCUREŞTI SECTORUL 6",179196,1,PART,PRCNCT,P,P_SV_SECTOR,"2020-09-28 13:10:01",1320,1311,1,7,1,543,534,1,7,1,539,4,1400,857,54,269,18,130,11,3,0,3,0,0,1,10,9,0,2,29
42,"MUNICIPIUL BUCUREŞTI","ŞCOALA GIMNAZIALĂ NR.169 CORPII",1093,"BUCUREŞTI SECTORUL 6",179196,1,PROV,PRCNCT,P,P_SV_SECTOR,"2020-09-28 13:10:01",1403,1384,2,16,1,599,582,0,16,1,579,19,1400,801,51,262,31,172,12,3,0,2,2,2,0,14,5,0,0,23
42,"MUNICIPIUL BUCUREŞTI","ŞCOALA GIMNAZIALĂ NR.169 CORPII",1094,"BUCUREŞTI SECTORUL 6",179196,1,PART,PRCNCT,P,P_SV_SECTOR,"2020-09-28 13:10:01",1243,1224,3,11,5,554,537,1,11,5,544,10,1400,846,49,232,29,178,10,8,0,3,1,0,2,5,6,2,4,15
42,"MUNICIPIUL BUCUREŞTI","ŞCOALA GIMNAZIALĂ NR.169 CORPII",1096,"BUCUREŞTI SECTORUL 6",179196,1,PART,PRCNCT,P,P_SV_SECTOR,"2020-09-28 13:10:01",1179,1173,1,4,1,481,475,1,4,1,474,7,1200,719,34,226,16,142,9,6,1,2,0,0,4,8,1,1,1,23
42,"MUNICIPIUL BUCUREŞTI","ŞCOALA GIMNAZIALĂ NR.169 CORPII",1095,"BUCUREŞTI SECTORUL 6",179196,1,PART,PRCNCT,P,P_SV_SECTOR,"2020-09-28 13:10:01",1180,1174,1,5,0,503,498,0,5,0,494,9,1200,697,43,213,26,158,6,3,0,0,2,0,1,9,5,0,0,28
42,"MUNICIPIUL BUCUREŞTI","ŞCOALA GIMNAZIALĂ NR.193",1068,"BUCUREŞTI SECTORUL 6",179196,1,PROV,PRCNCT,P,P_SV_SECTOR,"2020-09-28 13:10:01",1194,1175,2,17,0,524,507,0,17,0,508,14,1200,678,41,245,10,162,11,4,1,1,0,2,2,8,4,1,1,15
42,"MUNICIPIUL BUCUREŞTI","ŞCOALA GIMNAZIALĂ NR.193",1065,"BUCUREŞTI SECTORUL 6",179196,1,PROV,PRCNCT,P,P_SV_SECTOR,"2020-09-28 13:10:01",1071,1059,7,5,0,452,447,0,5,0,443,9,1200,748,29,203,17,150,5,6,0,1,0,0,4,5,2,2,1,18
42,"MUNICIPIUL BUCUREŞTI","ŞCOALA GIMNAZIALĂ NR.193",1066,"BUCUREŞTI SECTORUL 6",179196,1,PROV,PRCNCT,P,P_SV_SECTOR,"2020-09-28 13:10:01",1091,1085,0,6,0,477,471,0,6,0,470,7,1200,723,34,222,12,178,3,1,0,0,1,0,2,1,3,0,1,12
42,"MUNICIPIUL BUCUREŞTI","ŞCOALA GIMNAZIALĂ NR.193",1067,"BUCUREŞTI SECTORUL 6",179196,1,PROV,PRCNCT,P,P_SV_SECTOR,"2020-09-28 13:10:01",964,954,2,8,0,381,373,0,8,0,375,6,1000,619,25,157,9,151,5,1,1,0,0,0,1,6,1,1,1,16
42,"MUNICIPIUL BUCUREŞTI","ŞCOALA GIMNAZIALĂ NR.197",1062,"BUCUREŞTI SECTORUL 6",179196,1,PART,PRCNCT,P,P_SV_SECTOR,"2020-09-28 13:10:01",1081,1063,2,16,0,465,449,0,16,0,459,6,1200,735,26,218,19,161,9,2,2,1,0,0,0,9,2,0,1,9
42,"MUNICIPIUL BUCUREŞTI","ŞCOALA GIMNAZIALĂ NR.197",1057,"BUCUREŞTI SECTORUL 6",179196,1,PART,PRCNCT,P,P_SV_SECTOR,"2020-09-28 13:10:01",1549,1535,2,11,1,624,612,0,11,1,616,8,1600,976,47,300,28,169,10,6,0,1,1,0,6,10,7,0,1,30
42,"MUNICIPIUL BUCUREŞTI","ŞCOALA GIMNAZIALĂ NR.197",1058,"BUCUREŞTI SECTORUL 6",179196,1,PART,PRCNCT,P,P_SV_SECTOR,"2020-09-28 13:10:01",1058,1046,0,12,0,459,447,0,12,0,448,11,1200,741,38,208,20,145,6,4,2,1,1,1,3,1,3,1,1,13
42,"MUNICIPIUL BUCUREŞTI","ŞCOALA GIMNAZIALĂ NR.197",1059,"BUCUREŞTI SECTORUL 6",179196,1,PROV,PRCNCT,P,P_SV_SECTOR,"2020-09-28 13:10:01",973,962,0,8,3,389,378,0,8,3,380,9,1000,600,26,192,11,125,5,1,0,0,4,0,0,3,4,0,0,9
42,"MUNICIPIUL BUCUREŞTI","ŞCOALA GIMNAZIALĂ NR.197",1060,"BUCUREŞTI SECTORUL 6",179196,1,PART,PRCNCT,P,P_SV_SECTOR,"2020-09-28 13:10:01",1347,1333,2,11,1,589,577,0,11,1,582,7,1600,1011,38,283,27,183,9,4,0,1,0,0,0,10,3,0,3,21
42,"MUNICIPIUL BUCUREŞTI","ŞCOALA GIMNAZIALĂ NR.197",1061,"BUCUREŞTI SECTORUL 6",179196,1,PART,PRCNCT,P,P_SV_SECTOR,"2020-09-28 13:10:01",1112,1103,2,5,2,454,447,0,5,2,449,5,1200,746,32,222,16,124,6,3,0,3,1,0,2,11,1,1,0,27
42,"MUNICIPIUL BUCUREŞTI","ŞCOALA GIMNAZIALĂ NR.197",1063,"BUCUREŞTI SECTORUL 6",179196,2,PART,PRCNCT,P,P_SV_SECTOR,"2020-09-28 13:10:01",904,897,2,5,0,341,336,0,5,0,330,6,1000,659,22,154,10,103,8,1,5,0,1,0,0,7,3,0,0,16
42,"MUNICIPIUL BUCUREŞTI","ŞCOALA GIMNAZIALĂ NR.198",1172,"BUCUREŞTI SECTORUL 6",179196,1,PART,PRCNCT,P,P_SV_SECTOR,"2020-09-28 13:10:01",1734,1722,1,9,2,547,536,0,9,2,533,14,1800,1253,39,210,15,205,11,8,0,5,1,0,3,9,6,1,0,20
42,"MUNICIPIUL BUCUREŞTI","ŞCOALA GIMNAZIALĂ NR.198",1176,"BUCUREŞTI SECTORUL 6",179196,1,PART,PRCNCT,P,P_SV_SECTOR,"2020-09-28 13:10:01",1622,1610,5,5,2,587,580,0,5,2,576,11,1800,1213,37,248,29,205,14,8,0,0,2,0,2,4,3,0,1,23
42,"MUNICIPIUL BUCUREŞTI","ŞCOALA GIMNAZIALĂ NR.198",1175,"BUCUREŞTI SECTORUL 6",179196,2,PART,PRCNCT,P,P_SV_SECTOR,"2020-09-28 13:10:01",1725,1717,2,6,0,612,605,1,6,0,599,13,1800,1188,38,228,18,260,10,3,2,1,1,0,1,9,3,0,0,25
42,"MUNICIPIUL BUCUREŞTI","ŞCOALA GIMNAZIALĂ NR.198",1171,"BUCUREŞTI SECTORUL 6",179196,1,PROV,PRCNCT,P,P_SV_SECTOR,"2020-09-28 13:10:01",1848,1811,5,32,0,684,652,0,32,0,666,18,2000,1316,63,242,15,269,12,10,2,2,0,0,4,12,5,0,0,30
42,"MUNICIPIUL BUCUREŞTI","ŞCOALA GIMNAZIALĂ NR.198",1174,"BUCUREŞTI SECTORUL 6",179196,1,PART,PRCNCT,P,P_SV_SECTOR,"2020-09-28 13:10:01",1466,1451,0,14,1,601,586,0,14,1,590,11,1600,999,43,279,28,188,10,6,2,1,0,0,1,6,10,1,2,13
42,"MUNICIPIUL BUCUREŞTI","ŞCOALA GIMNAZIALĂ NR.206",1131,"BUCUREŞTI SECTORUL 6",179196,2,PART,PRCNCT,P,P_SV_SECTOR,"2020-09-28 13:10:01",1334,1322,4,6,2,539,531,0,6,2,530,9,1400,861,40,183,24,216,19,6,0,1,0,1,4,10,8,1,1,16
42,"MUNICIPIUL BUCUREŞTI","ŞCOALA GIMNAZIALĂ NR.206",1133,"BUCUREŞTI SECTORUL 6",179196,1,PART,PRCNCT,P,P_SV_SECTOR,"2020-09-28 13:10:01",1441,1434,1,6,0,493,487,0,6,0,488,5,1600,1107,47,202,17,167,11,10,0,3,1,0,3,7,5,2,1,12
42,"MUNICIPIUL BUCUREŞTI","ŞCOALA GIMNAZIALĂ NR.206",1134,"BUCUREŞTI SECTORUL 6",179196,1,PART,PRCNCT,P,P_SV_SECTOR,"2020-09-28 13:10:01",1308,1294,5,9,0,555,544,2,9,0,546,9,1400,845,45,241,19,174,17,4,0,4,2,1,1,10,2,0,4,22
42,"MUNICIPIUL BUCUREŞTI","ŞCOALA GIMNAZIALĂ NR.206",1132,"BUCUREŞTI SECTORUL 6",179196,1,PART,PRCNCT,P,P_SV_SECTOR,"2020-09-28 13:10:01",1394,1388,1,5,0,521,516,0,5,0,506,15,1400,879,40,183,33,182,10,8,0,1,0,2,2,6,11,0,2,26
42,"MUNICIPIUL BUCUREŞTI","ŞCOALA GIMNAZIALĂ NR.206",1136,"BUCUREŞTI SECTORUL 6",179196,1,PART,PRCNCT,P,P_SV_SECTOR,"2020-09-28 13:10:01",1504,1490,4,9,1,546,536,0,9,1,535,11,1600,1054,32,236,21,183,13,4,0,4,0,0,2,14,10,3,1,12
42,"MUNICIPIUL BUCUREŞTI","ŞCOALA GIMNAZIALĂ NR.206",1135,"BUCUREŞTI SECTORUL 6",179196,1,PART,PRCNCT,P,P_SV_SECTOR,"2020-09-28 13:10:01",1460,1448,2,9,1,553,543,0,9,1,544,9,1600,1047,51,244,30,163,5,10,2,1,3,0,2,6,3,3,1,20
42,"MUNICIPIUL BUCUREŞTI","ŞCOALA GIMNAZIALĂ NR.279",1110,"BUCUREŞTI SECTORUL 6",179196,1,PROV,PRCNCT,P,P_SV_SECTOR,"2020-09-28 13:10:01",1599,1585,3,11,0,622,611,0,11,0,615,7,1600,977,61,312,29,141,13,8,0,4,1,2,2,9,7,1,1,24
42,"MUNICIPIUL BUCUREŞTI","ŞCOALA GIMNAZIALĂ NR.279",1115,"BUCUREŞTI SECTORUL 6",179196,1,PART,PRCNCT,P,P_SV_SECTOR,"2020-09-28 13:10:01",1894,1884,2,8,0,736,728,0,8,0,721,15,2000,1264,64,354,24,193,19,10,2,3,1,0,3,12,5,1,0,30
42,"MUNICIPIUL BUCUREŞTI","ŞCOALA GIMNAZIALĂ NR.279",1112,"BUCUREŞTI SECTORUL 6",179196,1,PART,PRCNCT,P,P_SV_SECTOR,"2020-09-28 13:10:01",1546,1537,2,7,0,550,543,0,7,0,537,13,1600,1050,38,240,31,165,12,6,0,0,1,0,4,9,4,1,1,25
42,"MUNICIPIUL BUCUREŞTI","ŞCOALA GIMNAZIALĂ NR.279",1111,"BUCUREŞTI SECTORUL 6",179196,1,PART,PRCNCT,P,P_SV_SECTOR,"2020-09-28 13:10:01",1435,1426,2,5,2,500,493,0,5,2,490,10,1600,1100,42,232,16,145,5,5,3,1,1,0,4,6,6,4,0,20
42,"MUNICIPIUL BUCUREŞTI","ŞCOALA GIMNAZIALĂ NR.279",1114,"BUCUREŞTI SECTORUL 6",179196,1,PART,PRCNCT,P,P_SV_SECTOR,"2020-09-28 13:10:01",1554,1546,0,8,0,551,543,0,8,0,537,14,1600,1049,44,196,29,211,15,2,2,0,1,0,1,6,4,1,1,24
42,"MUNICIPIUL BUCUREŞTI","ŞCOALA GIMNAZIALĂ NR.279",1113,"BUCUREŞTI SECTORUL 6",179196,1,PART,PRCNCT,P,P_SV_SECTOR,"2020-09-28 13:10:01",1945,1918,19,8,0,724,714,2,8,0,708,16,2000,1276,59,377,33,167,17,3,1,1,1,4,1,9,7,0,0,28
42,"MUNICIPIUL BUCUREŞTI","ŞCOALA GIMNAZIALĂ NR.279",1116,"BUCUREŞTI SECTORUL 6",179196,1,PROV,PRCNCT,P,P_SV_SECTOR,"2020-09-28 13:10:01",1696,1673,4,17,2,682,663,0,17,2,673,9,1800,1118,41,383,27,139,20,8,0,0,1,0,2,9,10,1,1,31
42,"MUNICIPIUL BUCUREŞTI","ŞCOALA GIMNAZIALĂ NR.309",1147,"BUCUREŞTI SECTORUL 6",179196,1,PROV,PRCNCT,P,P_SV_SECTOR,"2020-09-28 13:10:01",1595,1585,1,9,0,566,557,0,9,0,550,14,1606,1040,39,173,14,260,12,7,2,3,1,2,1,7,8,2,0,19
42,"MUNICIPIUL BUCUREŞTI","ŞCOALA GIMNAZIALĂ NR.309",1148,"BUCUREŞTI SECTORUL 6",179196,1,PART,PRCNCT,P,P_SV_SECTOR,"2020-09-28 13:10:01",1317,1307,0,10,0,500,490,0,10,0,490,10,1400,900,34,189,23,173,13,3,1,8,1,3,2,11,8,0,2,19
42,"MUNICIPIUL BUCUREŞTI","ŞCOALA GIMNAZIALĂ NR.309",1149,"BUCUREŞTI SECTORUL 6",179196,1,PROV,PRCNCT,P,P_SV_SECTOR,"2020-09-28 13:10:01",1720,1706,0,14,0,663,649,0,14,0,650,13,1800,1137,60,280,22,215,14,10,0,3,1,3,2,9,5,7,1,18
42,"MUNICIPIUL BUCUREŞTI","ŞCOALA GIMNAZIALĂ NR.309",1144,"BUCUREŞTI SECTORUL 6",179196,1,PART,PRCNCT,P,P_SV_SECTOR,"2020-09-28 13:10:01",1545,1533,0,12,0,619,607,0,12,0,598,18,1600,984,47,227,21,242,16,6,1,2,1,1,0,8,7,0,0,19
42,"MUNICIPIUL BUCUREŞTI","ŞCOALA GIMNAZIALĂ NR.309",1145,"BUCUREŞTI SECTORUL 6",179196,1,PROV,PRCNCT,P,P_SV_SECTOR,"2020-09-28 13:10:01",1497,1485,0,12,0,585,573,0,12,0,576,9,1600,1006,59,215,25,214,12,2,4,1,2,0,1,9,5,0,2,25
42,"MUNICIPIUL BUCUREŞTI","ŞCOALA GIMNAZIALĂ NR.309",1146,"BUCUREŞTI SECTORUL 6",179196,1,PROV,PRCNCT,P,P_SV_SECTOR,"2020-09-28 13:10:01",1453,1442,4,6,1,527,520,0,6,1,511,12,1600,1071,37,210,7,213,10,5,3,1,2,2,1,4,5,0,1,10
42,"MUNICIPIUL BUCUREŞTI","ŞCOALA GIMNAZIALĂ NR.311",1041,"BUCUREŞTI SECTORUL 6",179196,1,PROV,PRCNCT,P,P_SV_SECTOR,"2020-09-28 13:10:01",1500,1486,0,14,0,632,618,0,14,0,615,17,1500,868,54,279,36,192,12,12,0,0,3,4,0,6,3,0,2,12
42,"MUNICIPIUL BUCUREŞTI","ŞCOALA GIMNAZIALĂ NR.311",1040,"BUCUREŞTI SECTORUL 6",179196,2,PART,PRCNCT,P,P_SV_SECTOR,"2020-09-28 13:10:01",1400,1388,2,10,0,523,513,0,10,0,508,15,1400,877,38,205,31,178,12,10,1,1,1,0,0,8,9,0,0,14
42,"MUNICIPIUL BUCUREŞTI","ŞCOALA GIMNAZIALĂ NR.311",1039,"BUCUREŞTI SECTORUL 6",179196,2,PART,PRCNCT,P,P_SV_SECTOR,"2020-09-28 13:10:01",1526,1518,3,4,1,589,584,0,4,1,579,10,1600,1011,57,247,27,188,11,3,1,4,0,3,2,6,9,1,0,20
42,"MUNICIPIUL BUCUREŞTI","ŞCOALA GIMNAZIALĂ NR.311",1044,"BUCUREŞTI SECTORUL 6",179196,5,PART,PRCNCT,P,P_SV_SECTOR,"2020-09-28 13:10:01",1171,1158,2,10,1,508,497,0,10,1,498,10,1200,692,50,225,10,157,10,5,0,3,4,0,3,6,2,0,0,23
42,"MUNICIPIUL BUCUREŞTI","ŞCOALA GIMNAZIALĂ NR.311",1042,"BUCUREŞTI SECTORUL 6",179196,1,PROV,PRCNCT,P,P_SV_SECTOR,"2020-09-28 13:10:01",1527,1520,0,7,0,640,633,0,7,0,629,11,1600,960,44,269,21,222,21,4,0,1,0,2,0,8,11,0,0,26
42,"MUNICIPIUL BUCUREŞTI","ŞCOALA GIMNAZIALĂ NR.311",1043,"BUCUREŞTI SECTORUL 6",179196,1,PART,PRCNCT,P,P_SV_SECTOR,"2020-09-28 13:10:01",1233,1227,0,6,0,510,504,0,6,0,501,9,1400,890,76,212,17,148,12,4,1,3,0,0,4,2,3,0,0,19
42,"MUNICIPIUL BUCUREŞTI","ŞCOALA GIMNAZIALĂ NR.59",1045,"BUCUREŞTI SECTORUL 6",179196,1,PART,PRCNCT,P,P_SV_SECTOR,"2020-09-28 13:10:01",947,933,1,13,0,381,368,0,13,0,375,6,1000,619,34,153,19,122,5,3,4,3,1,1,1,10,3,0,1,15
42,"MUNICIPIUL BUCUREŞTI","ŞCOALA GIMNAZIALĂ NR.59",1046,"BUCUREŞTI SECTORUL 6",179196,1,PART,PRCNCT,P,P_SV_SECTOR,"2020-09-28 13:10:01",1206,1199,2,5,0,526,521,0,5,0,510,16,1200,674,56,217,16,159,6,5,1,3,1,0,2,11,4,0,1,28
42,"MUNICIPIUL BUCUREŞTI","ŞCOALA GIMNAZIALĂ NR.59",1050,"BUCUREŞTI SECTORUL 6",179196,1,PROV,PRCNCT,P,P_SV_SECTOR,"2020-09-28 13:10:01",1290,1276,3,9,2,507,496,0,9,2,498,9,1400,893,56,218,23,152,6,5,1,3,0,0,0,5,5,0,0,24
42,"MUNICIPIUL BUCUREŞTI","ŞCOALA GIMNAZIALĂ NR.59",1047,"BUCUREŞTI SECTORUL 6",179196,1,PART,PRCNCT,P,P_SV_SECTOR,"2020-09-28 13:10:01",1219,1212,5,2,0,484,481,1,2,0,477,7,1400,916,52,198,13,163,16,1,0,1,1,0,1,9,9,0,0,13
42,"MUNICIPIUL BUCUREŞTI","ŞCOALA GIMNAZIALĂ NR.59",1049,"BUCUREŞTI SECTORUL 6",179196,1,PART,PRCNCT,P,P_SV_SECTOR,"2020-09-28 13:10:01",1202,1170,22,7,3,513,503,0,7,3,502,11,1200,687,50,243,18,150,7,0,2,3,2,0,2,7,2,0,0,16
42,"MUNICIPIUL BUCUREŞTI","ŞCOALA GIMNAZIALĂ NR.59",1048,"BUCUREŞTI SECTORUL 6",179196,1,PART,PRCNCT,P,P_SV_SECTOR,"2020-09-28 13:10:01",1426,1416,1,9,0,564,555,0,9,0,555,9,1600,1036,73,262,16,149,13,4,1,1,0,0,0,10,8,1,3,14
42,"MUNICIPIUL BUCUREŞTI","ŞCOALA GIMNAZIALĂ ”REGELE MIHAI I”",1187,"BUCUREŞTI SECTORUL 6",179196,1,PROV,PRCNCT,P,P_SV_SECTOR,"2020-09-28 13:10:01",993,988,0,4,1,399,394,0,4,1,386,13,1204,805,27,175,14,135,5,2,1,0,1,2,3,5,3,0,0,13
42,"MUNICIPIUL BUCUREŞTI","ŞCOALA GIMNAZIALĂ ”REGELE MIHAI I”",1186,"BUCUREŞTI SECTORUL 6",179196,1,PROV,PRCNCT,P,P_SV_SECTOR,"2020-09-28 13:10:01",775,757,0,18,0,319,301,0,18,0,310,9,800,481,31,144,10,108,5,0,0,0,0,2,0,3,2,0,0,5
42,"MUNICIPIUL BUCUREŞTI","ŞCOALA GIMNAZIALĂ ”REGELE MIHAI I”",1185,"BUCUREŞTI SECTORUL 6",179196,1,PROV,PRCNCT,P,P_SV_SECTOR,"2020-09-28 13:10:01",1257,1244,3,9,1,484,474,0,9,1,478,6,1400,916,37,186,22,186,8,4,1,1,1,0,1,3,9,1,0,18
42,"MUNICIPIUL BUCUREŞTI","ŞCOALA GIMNAZIALĂ ”SF. ANDREI”",1121,"BUCUREŞTI SECTORUL 6",179196,1,PART,PRCNCT,P,P_SV_SECTOR,"2020-09-28 13:10:01",1295,1292,0,3,0,526,523,0,3,0,517,9,1402,876,49,244,35,144,14,1,1,0,0,1,2,4,2,3,3,14
42,"MUNICIPIUL BUCUREŞTI","ŞCOALA GIMNAZIALĂ ”SF. ANDREI”",1127,"BUCUREŞTI SECTORUL 6",179196,1,PROV,PRCNCT,P,P_SV_SECTOR,"2020-09-28 13:10:01",1451,1438,1,9,3,658,646,0,9,3,638,20,1500,842,37,345,16,172,13,6,2,2,1,1,0,13,4,0,3,23
42,"MUNICIPIUL BUCUREŞTI","ŞCOALA GIMNAZIALĂ ”SF. ANDREI”",1128,"BUCUREŞTI SECTORUL 6",179196,1,PART,PRCNCT,P,P_SV_SECTOR,"2020-09-28 13:10:01",1734,1723,4,5,2,724,717,0,5,2,718,6,1800,1076,48,315,46,237,20,8,1,2,1,1,4,7,2,0,4,22
42,"MUNICIPIUL BUCUREŞTI","ŞCOALA GIMNAZIALĂ ”SF. ANDREI”",1129,"BUCUREŞTI SECTORUL 6",179196,2,PART,PRCNCT,P,P_SV_SECTOR,"2020-09-28 13:10:01",1701,1688,0,13,0,789,776,0,13,0,773,16,1800,1011,59,334,39,251,17,12,2,4,3,1,3,7,6,1,4,30
42,"MUNICIPIUL BUCUREŞTI","ŞCOALA GIMNAZIALĂ ”SF. ANDREI”",1130,"BUCUREŞTI SECTORUL 6",179196,1,PART,PRCNCT,P,P_SV_SECTOR,"2020-09-28 13:10:01",1741,1653,61,26,1,784,757,0,26,1,774,10,1800,1016,42,459,19,153,18,13,4,1,0,0,3,10,10,2,1,39
42,"MUNICIPIUL BUCUREŞTI","ŞCOALA GIMNAZIALĂ ”SF. ANDREI”",1122,"BUCUREŞTI SECTORUL 6",179196,1,PROV,PRCNCT,P,P_SV_SECTOR,"2020-09-28 13:10:01",1561,1544,7,10,0,532,522,0,10,0,521,11,1600,1068,52,224,29,162,8,7,0,1,3,1,2,7,8,1,2,14
42,"MUNICIPIUL BUCUREŞTI","ŞCOALA GIMNAZIALĂ ”SF. ANDREI”",1124,"BUCUREŞTI SECTORUL 6",179196,1,PART,PRCNCT,P,P_SV_SECTOR,"2020-09-28 13:10:01",1551,1545,0,6,0,624,618,0,6,0,607,17,1600,976,49,228,25,235,17,7,3,1,0,0,6,8,3,3,2,20
42,"MUNICIPIUL BUCUREŞTI","ŞCOALA GIMNAZIALĂ ”SF. ANDREI”",1126,"BUCUREŞTI SECTORUL 6",179196,1,PART,PRCNCT,P,P_SV_SECTOR,"2020-09-28 13:10:01",1434,1427,2,5,0,493,488,0,5,0,485,8,1600,1107,56,184,29,163,6,4,2,2,2,0,3,9,7,0,0,18
42,"MUNICIPIUL BUCUREŞTI","ŞCOALA GIMNAZIALĂ ”SF. ANDREI”",1123,"BUCUREŞTI SECTORUL 6",179196,1,PART,PRCNCT,P,P_SV_SECTOR,"2020-09-28 13:10:01",1381,1372,2,7,0,524,517,0,7,0,521,3,1400,876,31,244,25,171,10,3,1,0,3,0,0,6,4,0,0,23
42,"MUNICIPIUL BUCUREŞTI","ŞCOALA GIMNAZIALĂ ”SF. ANDREI”",1125,"BUCUREŞTI SECTORUL 6",179196,1,PART,PRCNCT,P,P_SV_SECTOR,"2020-09-28 13:10:01",1766,1753,2,11,0,748,737,0,11,0,734,14,1800,1052,59,313,32,246,24,11,1,3,5,1,2,16,6,0,2,13
42,"MUNICIPIUL BUCUREŞTI","ŞCOALA GIMNAZIALĂ ”SFÂNTA TREIME”",1167,"BUCUREŞTI SECTORUL 6",179196,1,PROV,PRCNCT,P,P_SV_SECTOR,"2020-09-28 13:10:01",1872,1861,2,9,0,671,662,0,9,0,661,10,1999,1328,50,267,23,246,11,8,0,4,2,2,2,10,12,1,0,23
42,"MUNICIPIUL BUCUREŞTI","ŞCOALA GIMNAZIALĂ ”SFÂNTA TREIME”",1166,"BUCUREŞTI SECTORUL 6",179196,2,PART,PRCNCT,P,P_SV_SECTOR,"2020-09-28 13:10:01",1693,1683,3,7,0,589,582,0,7,0,579,10,1800,1211,40,243,27,206,15,7,0,1,1,1,3,4,5,3,2,21
42,"MUNICIPIUL BUCUREŞTI","ȘCOALA GIMNAZIALĂ ”SFÂNTA TREIME”",1164,"BUCUREŞTI SECTORUL 6",179196,1,PART,PRCNCT,P,P_SV_SECTOR,"2020-09-28 13:10:01",1816,1800,5,11,0,633,622,0,11,0,618,15,2000,1367,30,251,34,219,19,3,1,2,2,1,4,15,6,1,2,28
42,"MUNICIPIUL BUCUREŞTI","ȘCOALA GIMNAZIALĂ ”SFÂNTA TREIME”",1165,"BUCUREŞTI SECTORUL 6",179196,1,PROV,PRCNCT,P,P_SV_SECTOR,"2020-09-28 13:10:01",1760,1747,3,10,0,672,662,0,10,0,665,7,1800,1128,60,252,33,249,11,5,1,0,0,2,3,14,13,1,0,21
42,"MUNICIPIUL BUCUREŞTI","ŞCOALA GIMNAZIALĂ ”SF. CONSTANTIN ŞI ELENA”",1138,"BUCUREŞTI SECTORUL 6",179196,1,PART,PRCNCT,P,P_SV_SECTOR,"2020-09-28 13:10:01",1515,1508,1,6,0,592,586,0,6,0,577,15,1600,1008,44,209,21,227,17,1,1,4,2,2,4,7,6,0,5,27
42,"MUNICIPIUL BUCUREŞTI","ŞCOALA GIMNAZIALĂ ”SF. CONSTANTIN ŞI ELENA”",1141,"BUCUREŞTI SECTORUL 6",179196,1,PART,PRCNCT,P,P_SV_SECTOR,"2020-09-28 13:10:01",1504,1491,1,12,0,609,597,0,12,0,593,16,1600,991,58,241,24,196,21,3,0,3,3,3,0,8,6,0,1,26
42,"MUNICIPIUL BUCUREŞTI","ŞCOALA GIMNAZIALĂ ”SF. CONSTANTIN ŞI ELENA”",1140,"BUCUREŞTI SECTORUL 6",179196,1,PART,PRCNCT,P,P_SV_SECTOR,"2020-09-28 13:10:01",1304,1290,3,10,1,542,531,0,10,1,533,9,1400,858,52,259,20,161,11,2,0,2,0,0,0,7,3,0,2,14
42,"MUNICIPIUL BUCUREŞTI","ŞCOALA GIMNAZIALĂ ”SF. CONSTANTIN ŞI ELENA”",1137,"BUCUREŞTI SECTORUL 6",179196,1,PROV,PRCNCT,P,P_SV_SECTOR,"2020-09-28 13:10:01",1214,1209,0,5,0,443,438,0,5,0,431,12,1400,957,40,177,26,141,11,6,1,3,2,0,2,7,3,0,0,12
42,"MUNICIPIUL BUCUREŞTI","ŞCOALA GIMNAZIALĂ ”SF. CONSTANTIN ŞI ELENA”",1139,"BUCUREŞTI SECTORUL 6",179196,1,PART,PRCNCT,P,P_SV_SECTOR,"2020-09-28 13:10:01",1157,1149,2,5,1,439,433,0,5,1,430,9,1200,761,31,192,20,136,13,3,1,2,1,0,1,8,3,1,1,17
42,"MUNICIPIUL BUCUREŞTI","SCOALA GIMNAZIALA SFINTII CONSTANTIN SI ELENA",1143,"BUCUREŞTI SECTORUL 6",179196,1,PART,PRCNCT,P,P_SV_SECTOR,"2020-09-28 13:10:01",1857,1833,10,12,2,637,623,0,12,2,614,23,2000,1363,54,264,24,200,12,12,0,2,0,0,5,12,5,1,1,22
42,"MUNICIPIUL BUCUREŞTI","ŞCOALA GIMNAZIALĂ SPECIALĂ ”CONSTANTIN PĂUNESCU”",1118,"BUCUREŞTI SECTORUL 6",179196,1,PART,PRCNCT,P,P_SV_SECTOR,"2020-09-28 13:10:01",1524,1511,2,10,1,610,599,0,10,1,601,9,1600,990,64,292,27,171,5,4,2,0,1,0,0,9,5,1,2,18
42,"MUNICIPIUL BUCUREŞTI","ŞCOALA GIMNAZIALĂ SPECIALĂ ”CONSTANTIN PĂUNESCU”",1117,"BUCUREŞTI SECTORUL 6",179196,1,PART,PRCNCT,P,P_SV_SECTOR,"2020-09-28 13:10:01",1729,1715,4,10,0,625,615,0,10,0,614,11,1800,1175,53,257,28,205,13,9,2,2,3,1,3,7,7,0,0,24
42,"MUNICIPIUL BUCUREŞTI","ŞCOALA GIMNAZIALĂ SPECIALĂ PENTRU DEFICIENŢI DE AUZ ”SF. MARIA”",1120,"BUCUREŞTI SECTORUL 6",179196,1,PART,PRCNCT,P,P_SV_SECTOR,"2020-09-28 13:10:01",1555,1539,3,13,0,605,592,0,13,0,596,9,1600,995,54,297,25,155,16,4,1,1,1,1,1,10,5,1,0,24
42,"MUNICIPIUL BUCUREŞTI","ŞCOALA GIMNAZIALĂ SPECIALĂ PENTRU DEFICIENŢI DE AUZ ”SF. MARIA”",1119,"BUCUREŞTI SECTORUL 6",179196,1,PART,PRCNCT,P,P_SV_SECTOR,"2020-09-28 13:10:01",1273,1261,0,12,0,559,547,0,12,0,553,6,1400,841,61,247,30,159,11,4,0,1,0,1,2,5,7,2,0,23
42,"MUNICIPIUL BUCUREŞTI","SCOALA NR. 161",1274,"BUCUREŞTI SECTORUL 6",179196,1,PART,PRCNCT,P,P_SV_SECTOR,"2020-09-28 13:10:01",1247,1239,0,8,0,422,414,0,8,0,415,7,1300,878,39,122,11,156,11,3,3,3,2,0,1,12,12,1,23,16
42,"MUNICIPIUL BUCUREŞTI","SERVICIUL STARE CIVILĂ SECTOR 6",1037,"BUCUREŞTI SECTORUL 6",179196,3,PART,PRCNCT,P,P_SV_SECTOR,"2020-09-28 13:10:01",1102,1093,3,6,0,394,388,0,6,0,383,11,1200,806,31,202,11,92,16,3,1,1,0,0,1,9,0,0,1,15
42,"MUNICIPIUL BUCUREŞTI","SERVICIUL STARE CIVILĂ SECTOR 6",1038,"BUCUREŞTI SECTORUL 6",179196,3,PART,PRCNCT,P,P_SV_SECTOR,"2020-09-28 13:10:01",1228,1214,9,5,0,538,533,0,5,0,530,8,1399,861,33,252,29,150,10,8,0,0,1,1,3,15,5,1,2,20
